Codigo_muestra	ID	Plantula_madre	Vivero_campo	Madre_procedencia	ID_LIFE
08_2013_0001	0001	1	1	8	NA
08_2013_0002	0002	1	1	8	NA
08_2013_0003	0003	1	1	8	NA
08_2013_0004	0004	1	1	8	NA
08_2013_0005	0005	1	1	8	NA
08_2013_0006	0006	1	1	8	NA
08_2013_0007	0007	1	1	8	NA
08_2013_0008	0008	1	1	8	NA
08_2013_0009	0009	1	1	8	NA
08_2013_0010	0010	1	1	8	NA
08_2013_0011	0011	1	1	8	NA
08_2013_0012	0012	1	1	8	NA
08_2013_0013	0013	1	1	8	NA
08_2013_0014	0014	1	1	8	NA
08_2013_0015	0015	1	1	8	NA
08_2013_0016	0016	1	1	8	NA
08_2013_0017	0017	1	1	8	NA
08_2013_0018	0018	1	1	8	NA
08_2013_0019	0019	1	1	8	NA
08_2013_0020	0020	1	1	8	NA
08_2013_0021	0021	1	1	8	NA
08_2013_0022	0022	1	1	8	NA
08_2013_0023	0023	1	1	8	NA
08_2013_0024	0024	1	1	8	NA
08_2013_0025	0025	1	1	8	NA
08_2013_0026	0026	1	1	8	NA
08_2013_0027	0027	1	1	8	NA
08_2013_0028	0028	1	1	8	NA
08_2013_0029	0029	1	1	8	NA
08_2013_0030	0030	1	1	8	NA
08_2013_0031	0031	1	1	8	NA
08_2013_0032	0032	1	1	8	NA
08_2013_0033	0033	1	1	8	NA
08_2013_0034	0034	1	1	8	NA
08_2013_0035	0035	1	1	8	NA
08_2013_0036	0036	1	1	8	NA
08_2013_0037	0037	1	1	8	NA
08_2013_0038	0038	1	1	8	NA
08_2013_0039	0039	1	1	8	NA
08_2013_0040	0040	1	1	8	NA
08_2013_0041	0041	1	1	8	NA
08_2013_0042	0042	1	1	8	NA
08_2013_0043	0043	1	1	8	NA
08_2013_0044	0044	1	1	8	NA
08_2013_0045	0045	1	1	8	NA
08_2013_0046	0046	1	1	8	NA
08_2013_0047	0047	1	1	8	NA
08_2013_0048	0048	1	1	8	NA
08_2013_0049	0049	1	1	8	NA
08_2013_0050	0050	1	1	8	NA
08_2013_0051	0051	1	1	8	NA
08_2013_0052	0052	1	1	8	NA
08_2013_0053	0053	1	1	8	NA
08_2013_0054	0054	1	1	8	NA
08_2013_0055	0055	1	1	8	NA
08_2013_0056	0056	1	1	8	NA
08_2013_0057	0057	1	1	8	NA
08_2013_0058	0058	1	1	8	NA
08_2013_0059	0059	1	1	8	NA
08_2013_0060	0060	1	1	8	NA
08_2013_0061	0061	1	1	8	NA
08_2013_0062	0062	1	1	8	NA
08_2013_0063	0063	1	1	8	NA
08_2013_0064	0064	1	1	8	NA
08_2013_0065	0065	1	1	8	NA
08_2013_0066	0066	1	1	8	NA
08_2013_0067	0067	1	1	8	NA
08_2013_0068	0068	1	1	8	NA
08_2013_0069	0069	1	1	8	NA
08_2013_0070	0070	1	1	8	NA
08_2013_0071	0071	1	1	8	NA
08_2013_0072	0072	1	1	8	NA
08_2013_0073	0073	1	1	8	NA
08_2013_0074	0074	1	1	8	NA
08_2013_0075	0075	1	1	8	NA
08_2013_0076	0076	1	1	8	NA
08_2013_0077	0077	1	1	8	NA
08_2013_0078	0078	1	1	8	NA
08_2013_0079	0079	1	1	8	NA
08_2013_0080	0080	1	1	8	NA
08_2013_0081	0081	1	1	8	NA
08_2013_0082	0082	1	1	8	NA
08_2013_0083	0083	1	1	8	NA
08_2013_0084	0084	1	1	8	NA
08_2013_0085	0085	1	1	8	NA
08_2013_0086	0086	1	1	8	NA
08_2013_0087	0087	1	1	8	NA
08_2013_0088	0088	1	1	8	NA
08_2013_0089	0089	1	1	8	NA
08_2013_0090	0090	1	1	8	NA
08_2013_0091	0091	1	1	8	NA
08_2013_0092	0092	1	1	8	NA
08_2013_0093	0093	1	1	8	NA
08_2013_0094	0094	1	1	8	NA
08_2013_0095	0095	1	1	8	NA
08_2013_0096	0096	1	1	8	NA
08_2013_0097	0097	1	1	8	NA
08_2013_0098	0098	1	1	8	NA
08_2013_0099	0099	1	1	8	NA
08_2013_0100	0100	1	1	8	NA
10_2009_0101	0101	1	1	10	NA
10_2009_0102	0102	1	1	10	NA
10_2009_0103	0103	1	1	10	NA
10_2009_0104	0104	1	1	10	NA
10_2009_0105	0105	1	1	10	NA
10_2009_0106	0106	1	1	10	NA
10_2009_0107	0107	1	1	10	NA
10_2009_0108	0108	1	1	10	NA
10_2009_0109	0109	1	1	10	NA
10_2009_0110	0110	1	1	10	NA
10_2009_0111	0111	1	1	10	NA
10_2009_0112	0112	1	1	10	NA
10_2009_0113	0113	1	1	10	NA
10_2009_0114	0114	1	1	10	NA
10_2009_0115	0115	1	1	10	NA
10_2009_0116	0116	1	1	10	NA
10_2009_0117	0117	1	1	10	NA
10_2009_0118	0118	1	1	10	NA
10_2009_0119	0119	1	1	10	NA
10_2009_0120	0120	1	1	10	NA
10_2009_0121	0121	1	1	10	NA
10_2009_0122	0122	1	1	10	NA
10_2009_0123	0123	1	1	10	NA
10_2009_0124	0124	1	1	10	NA
10_2009_0125	0125	1	1	10	NA
10_2009_0126	0126	1	1	10	NA
10_2009_0127	0127	1	1	10	NA
10_2009_0128	0128	1	1	10	NA
10_2009_0129	0129	1	1	10	NA
10_2009_0130	0130	1	1	10	NA
10_2009_0131	0131	1	1	10	NA
10_2009_0132	0132	1	1	10	NA
10_2009_0133	0133	1	1	10	NA
10_2009_0134	0134	1	1	10	NA
10_2009_0135	0135	1	1	10	NA
10_2009_0136	0136	1	1	10	NA
10_2009_0137	0137	1	1	10	NA
10_2009_0138	0138	1	1	10	NA
10_2009_0139	0139	1	1	10	NA
10_2009_0140	0140	1	1	10	NA
10_2009_0141	0141	1	1	10	NA
10_2009_0142	0142	1	1	10	NA
10_2009_0143	0143	1	1	10	NA
10_2009_0144	0144	1	1	10	NA
10_2009_0145	0145	1	1	10	NA
10_2009_0146	0146	1	1	10	NA
10_2009_0147	0147	1	1	10	NA
10_2009_0148	0148	1	1	10	NA
10_2009_0149	0149	1	1	10	NA
10_2009_0150	0150	1	1	10	NA
10_2009_0151	0151	1	1	10	NA
10_2009_0152	0152	1	1	10	NA
10_2009_0153	0153	1	1	10	NA
10_2009_0154	0154	1	1	10	NA
10_2009_0155	0155	1	1	10	NA
10_2009_0156	0156	1	1	10	NA
10_2009_0157	0157	1	1	10	NA
10_2009_0158	0158	1	1	10	NA
10_2009_0159	0159	1	1	10	NA
10_2009_0160	0160	1	1	10	NA
10_2009_0161	0161	1	1	10	NA
10_2009_0162	0162	1	1	10	NA
10_2009_0163	0163	1	1	10	NA
10_2009_0164	0164	1	1	10	NA
10_2009_0165	0165	1	1	10	NA
10_2009_0166	0166	1	1	10	NA
10_2009_0167	0167	1	1	10	NA
10_2009_0168	0168	1	1	10	NA
10_2009_0169	0169	1	1	10	NA
10_2009_0170	0170	1	1	10	NA
10_2009_0171	0171	1	1	10	NA
10_2009_0172	0172	1	1	10	NA
10_2009_0173	0173	1	1	10	NA
10_2009_0174	0174	1	1	10	NA
10_2009_0175	0175	1	1	10	NA
10_2009_0176	0176	1	1	10	NA
10_2009_0177	0177	1	1	10	NA
10_2009_0178	0178	1	1	10	NA
10_2009_0179	0179	1	1	10	NA
10_2009_0180	0180	1	1	10	NA
10_2009_0181	0181	1	1	10	NA
10_2009_0182	0182	1	1	10	NA
10_2009_0183	0183	1	1	10	NA
10_2009_0184	0184	1	1	10	NA
10_2009_0185	0185	1	1	10	NA
10_2009_0186	0186	1	1	10	NA
10_2009_0187	0187	1	1	10	NA
10_2009_0188	0188	1	1	10	NA
10_2009_0189	0189	1	1	10	NA
10_2009_0190	0190	1	1	10	NA
10_2009_0191	0191	1	1	10	NA
10_2009_0192	0192	1	1	10	NA
10_2009_0193	0193	1	1	10	NA
10_2009_0194	0194	1	1	10	NA
10_2009_0195	0195	1	1	10	NA
10_2009_0196	0196	1	1	10	NA
10_2009_0197	0197	1	1	10	NA
10_2009_0198	0198	1	1	10	NA
10_2009_0199	0199	1	1	10	NA
10_2009_0200	0200	1	1	10	NA
10_2009_0201	0201	1	1	10	NA
10_2009_0202	0202	1	1	10	NA
10_2009_0203	0203	1	1	10	NA
10_2009_0204	0204	1	1	10	NA
10_2009_0205	0205	1	1	10	NA
10_2009_0206	0206	1	1	10	NA
10_2009_0207	0207	1	1	10	NA
10_2009_0208	0208	1	1	10	NA
10_2009_0209	0209	1	1	10	NA
10_2009_0210	0210	1	1	10	NA
10_2009_0211	0211	1	1	10	NA
10_2009_0212	0212	1	1	10	NA
10_2009_0213	0213	1	1	10	NA
10_2009_0214	0214	1	1	10	NA
10_2009_0215	0215	1	1	10	NA
10_2009_0216	0216	1	1	10	NA
10_2009_0217	0217	1	1	10	NA
10_2009_0218	0218	1	1	10	NA
10_2009_0219	0219	1	1	10	NA
10_2009_0220	0220	1	1	10	NA
10_2009_0221	0221	1	1	10	NA
10_2009_0222	0222	1	1	10	NA
10_2009_0223	0223	1	1	10	NA
10_2009_0224	0224	1	1	10	NA
10_2009_0225	0225	1	1	10	NA
10_2009_0226	0226	1	1	10	NA
10_2009_0227	0227	1	1	10	NA
10_2009_0228	0228	1	1	10	NA
10_2009_0229	0229	1	1	10	NA
10_2009_0230	0230	1	1	10	NA
10_2009_0231	0231	1	1	10	NA
10_2009_0232	0232	1	1	10	NA
10_2009_0233	0233	1	1	10	NA
10_2009_0234	0234	1	1	10	NA
10_2009_0235	0235	1	1	10	NA
10_2009_0236	0236	1	1	10	NA
10_2009_0237	0237	1	1	10	NA
10_2009_0238	0238	1	1	10	NA
10_2009_0239	0239	1	1	10	NA
10_2009_0240	0240	1	1	10	NA
10_2009_0241	0241	1	1	10	NA
10_2009_0242	0242	1	1	10	NA
10_2009_0243	0243	1	1	10	NA
10_2009_0244	0244	1	1	10	NA
10_2009_0245	0245	1	1	10	NA
10_2009_0246	0246	1	1	10	NA
10_2009_0247	0247	1	1	10	NA
10_2009_0248	0248	1	1	10	NA
10_2009_0249	0249	1	1	10	NA
10_2009_0250	0250	1	1	10	NA
11_2008_0251	0251	1	1	11	NA
11_2008_0252	0252	1	1	11	NA
11_2008_0253	0253	1	1	11	NA
11_2008_0254	0254	1	1	11	NA
11_2008_0255	0255	1	1	11	NA
11_2008_0256	0256	1	1	11	NA
11_2008_0257	0257	1	1	11	NA
11_2008_0258	0258	1	1	11	NA
11_2008_0259	0259	1	1	11	NA
11_2008_0260	0260	1	1	11	NA
11_2008_0261	0261	1	1	11	NA
11_2008_0262	0262	1	1	11	NA
11_2008_0263	0263	1	1	11	NA
11_2008_0264	0264	1	1	11	NA
11_2008_0265	0265	1	1	11	NA
11_2008_0266	0266	1	1	11	NA
11_2008_0267	0267	1	1	11	NA
11_2008_0268	0268	1	1	11	NA
11_2008_0269	0269	1	1	11	NA
11_2008_0270	0270	1	1	11	NA
11_2008_0271	0271	1	1	11	NA
11_2008_0272	0272	1	1	11	NA
11_2008_0273	0273	1	1	11	NA
11_2008_0274	0274	1	1	11	NA
11_2008_0275	0275	1	1	11	NA
11_2008_0276	0276	1	1	11	NA
11_2008_0277	0277	1	1	11	NA
11_2008_0278	0278	1	1	11	NA
11_2008_0279	0279	1	1	11	NA
11_2008_0280	0280	1	1	11	NA
11_2008_0281	0281	1	1	11	NA
11_2008_0282	0282	1	1	11	NA
11_2008_0283	0283	1	1	11	NA
11_2008_0284	0284	1	1	11	NA
11_2008_0285	0285	1	1	11	NA
11_2008_0286	0286	1	1	11	NA
11_2008_0287	0287	1	1	11	NA
11_2008_0288	0288	1	1	11	NA
11_2008_0289	0289	1	1	11	NA
11_2008_0290	0290	1	1	11	NA
11_2008_0291	0291	1	1	11	NA
11_2008_0292	0292	1	1	11	NA
11_2008_0293	0293	1	1	11	NA
11_2008_0294	0294	1	1	11	NA
11_2008_0295	0295	1	1	11	NA
11_2008_0296	0296	1	1	11	NA
11_2008_0297	0297	1	1	11	NA
11_2008_0298	0298	1	1	11	NA
11_2008_0299	0299	1	1	11	NA
11_2008_0300	0300	1	1	11	NA
11_2008_0301	0301	1	1	11	NA
11_2008_0302	0302	1	1	11	NA
11_2008_0303	0303	1	1	11	NA
11_2008_0304	0304	1	1	11	NA
11_2008_0305	0305	1	1	11	NA
11_2008_0306	0306	1	1	11	NA
11_2008_0307	0307	1	1	11	NA
11_2008_0308	0308	1	1	11	NA
11_2008_0309	0309	1	1	11	NA
11_2008_0310	0310	1	1	11	NA
11_2008_0311	0311	1	1	11	NA
11_2008_0312	0312	1	1	11	NA
11_2008_0313	0313	1	1	11	NA
11_2008_0314	0314	1	1	11	NA
11_2008_0315	0315	1	1	11	NA
11_2008_0316	0316	1	1	11	NA
11_2008_0317	0317	1	1	11	NA
11_2008_0318	0318	1	1	11	NA
11_2008_0319	0319	1	1	11	NA
11_2008_0320	0320	1	1	11	NA
11_2008_0321	0321	1	1	11	NA
11_2008_0322	0322	1	1	11	NA
11_2008_0323	0323	1	1	11	NA
11_2008_0324	0324	1	1	11	NA
11_2008_0325	0325	1	1	11	NA
11_2008_0326	0326	1	1	11	NA
11_2008_0327	0327	1	1	11	NA
11_2008_0328	0328	1	1	11	NA
11_2008_0329	0329	1	1	11	NA
11_2008_0330	0330	1	1	11	NA
11_2008_0331	0331	1	1	11	NA
11_2008_0332	0332	1	1	11	NA
11_2008_0333	0333	1	1	11	NA
11_2008_0334	0334	1	1	11	NA
11_2008_0335	0335	1	1	11	NA
11_2008_0336	0336	1	1	11	NA
11_2008_0337	0337	1	1	11	NA
11_2008_0338	0338	1	1	11	NA
11_2008_0339	0339	1	1	11	NA
11_2008_0340	0340	1	1	11	NA
11_2008_0341	0341	1	1	11	NA
11_2008_0342	0342	1	1	11	NA
11_2008_0343	0343	1	1	11	NA
11_2008_0344	0344	1	1	11	NA
11_2008_0345	0345	1	1	11	NA
11_2008_0346	0346	1	1	11	NA
11_2008_0347	0347	1	1	11	NA
11_2008_0348	0348	1	1	11	NA
11_2008_0349	0349	1	1	11	NA
11_2008_0350	0350	1	1	11	NA
11_2008_0351	0351	1	1	11	NA
11_2008_0352	0352	1	1	11	NA
11_2008_0353	0353	1	1	11	NA
11_2008_0354	0354	1	1	11	NA
11_2008_0355	0355	1	1	11	NA
11_2008_0356	0356	1	1	11	NA
11_2008_0357	0357	1	1	11	NA
11_2008_0358	0358	1	1	11	NA
11_2008_0359	0359	1	1	11	NA
11_2008_0360	0360	1	1	11	NA
11_2008_0361	0361	1	1	11	NA
11_2008_0362	0362	1	1	11	NA
11_2008_0363	0363	1	1	11	NA
11_2008_0364	0364	1	1	11	NA
11_2008_0365	0365	1	1	11	NA
11_2008_0366	0366	1	1	11	NA
11_2008_0367	0367	1	1	11	NA
11_2008_0368	0368	1	1	11	NA
11_2008_0369	0369	1	1	11	NA
11_2008_0370	0370	1	1	11	NA
11_2008_0371	0371	1	1	11	NA
11_2008_0372	0372	1	1	11	NA
11_2008_0373	0373	1	1	11	NA
11_2008_0374	0374	1	1	11	NA
11_2008_0375	0375	1	1	11	NA
11_2008_0376	0376	1	1	11	NA
11_2008_0377	0377	1	1	11	NA
11_2008_0378	0378	1	1	11	NA
11_2008_0379	0379	1	1	11	NA
11_2008_0380	0380	1	1	11	NA
11_2008_0381	0381	1	1	11	NA
11_2008_0382	0382	1	1	11	NA
11_2008_0383	0383	1	1	11	NA
11_2008_0384	0384	1	1	11	NA
11_2008_0385	0385	1	1	11	NA
11_2008_0386	0386	1	1	11	NA
11_2008_0387	0387	1	1	11	NA
11_2008_0388	0388	1	1	11	NA
11_2008_0389	0389	1	1	11	NA
11_2008_0390	0390	1	1	11	NA
11_2008_0391	0391	1	1	11	NA
11_2008_0392	0392	1	1	11	NA
11_2008_0393	0393	1	1	11	NA
11_2008_0394	0394	1	1	11	NA
11_2008_0395	0395	1	1	11	NA
11_2008_0396	0396	1	1	11	NA
11_2008_0397	0397	1	1	11	NA
11_2008_0398	0398	1	1	11	NA
11_2008_0399	0399	1	1	11	NA
11_2008_0400	0400	1	1	11	NA
11_2008_0401	0401	1	1	11	NA
11_2008_0402	0402	1	1	11	NA
11_2008_0403	0403	1	1	11	NA
11_2008_0404	0404	1	1	11	NA
11_2008_0405	0405	1	1	11	NA
11_2008_0406	0406	1	1	11	NA
11_2008_0407	0407	1	1	11	NA
11_2008_0408	0408	1	1	11	NA
11_2008_0409	0409	1	1	11	NA
11_2008_0410	0410	1	1	11	NA
11_2008_0411	0411	1	1	11	NA
11_2008_0412	0412	1	1	11	NA
11_2008_0413	0413	1	1	11	NA
11_2008_0414	0414	1	1	11	NA
11_2008_0415	0415	1	1	11	NA
11_2008_0416	0416	1	1	11	NA
11_2008_0417	0417	1	1	11	NA
11_2008_0418	0418	1	1	11	NA
11_2008_0419	0419	1	1	11	NA
11_2008_0420	0420	1	1	11	NA
11_2008_0421	0421	1	1	11	NA
11_2008_0422	0422	1	1	11	NA
11_2008_0423	0423	1	1	11	NA
11_2008_0424	0424	1	1	11	NA
11_2008_0425	0425	1	1	11	NA
11_2008_0426	0426	1	1	11	NA
11_2008_0427	0427	1	1	11	NA
11_2008_0428	0428	1	1	11	NA
11_2008_0429	0429	1	1	11	NA
11_2008_0430	0430	1	1	11	NA
11_2009_0431	0431	1	1	11	NA
11_2009_0432	0432	1	1	11	NA
11_2009_0433	0433	1	1	11	NA
11_2009_0434	0434	1	1	11	NA
11_2009_0435	0435	1	1	11	NA
11_2009_0436	0436	1	1	11	NA
11_2009_0437	0437	1	1	11	NA
11_2009_0438	0438	1	1	11	NA
11_2009_0439	0439	1	1	11	NA
11_2009_0440	0440	1	1	11	NA
11_2009_0441	0441	1	1	11	NA
11_2009_0442	0442	1	1	11	NA
11_2009_0443	0443	1	1	11	NA
11_2009_0444	0444	1	1	11	NA
11_2009_0445	0445	1	1	11	NA
11_2009_0446	0446	1	1	11	NA
11_2009_0447	0447	1	1	11	NA
11_2009_0448	0448	1	1	11	NA
11_2009_0449	0449	1	1	11	NA
11_2009_0450	0450	1	1	11	NA
11_2009_0451	0451	1	1	11	NA
11_2009_0452	0452	1	1	11	NA
11_2009_0453	0453	1	1	11	NA
11_2009_0454	0454	1	1	11	NA
11_2009_0455	0455	1	1	11	NA
11_2009_0456	0456	1	1	11	NA
11_2009_0457	0457	1	1	11	NA
11_2009_0458	0458	1	1	11	NA
11_2009_0459	0459	1	1	11	NA
11_2009_0460	0460	1	1	11	NA
11_2009_0461	0461	1	1	11	NA
11_2009_0462	0462	1	1	11	NA
11_2009_0463	0463	1	1	11	NA
11_2009_0464	0464	1	1	11	NA
11_2009_0465	0465	1	1	11	NA
11_2009_0466	0466	1	1	11	NA
11_2009_0467	0467	1	1	11	NA
11_2009_0468	0468	1	1	11	NA
11_2009_0469	0469	1	1	11	NA
11_2009_0470	0470	1	1	11	NA
11_2009_0471	0471	1	1	11	NA
11_2009_0472	0472	1	1	11	NA
11_2009_0473	0473	1	1	11	NA
11_2009_0474	0474	1	1	11	NA
11_2009_0475	0475	1	1	11	NA
11_2009_0476	0476	1	1	11	NA
11_2009_0477	0477	1	1	11	NA
11_2009_0478	0478	1	1	11	NA
11_2009_0479	0479	1	1	11	NA
11_2009_0480	0480	1	1	11	NA
11_2009_0481	0481	1	1	11	NA
11_2009_0482	0482	1	1	11	NA
11_2009_0483	0483	1	1	11	NA
11_2009_0484	0484	1	1	11	NA
11_2009_0485	0485	1	1	11	NA
11_2009_0486	0486	1	1	11	NA
11_2009_0487	0487	1	1	11	NA
11_2009_0488	0488	1	1	11	NA
11_2009_0489	0489	1	1	11	NA
11_2009_0490	0490	1	1	11	NA
11_2009_0491	0491	1	1	11	NA
11_2009_0492	0492	1	1	11	NA
11_2009_0493	0493	1	1	11	NA
11_2009_0494	0494	1	1	11	NA
11_2009_0495	0495	1	1	11	NA
11_2009_0496	0496	1	1	11	NA
11_2009_0497	0497	1	1	11	NA
11_2009_0498	0498	1	1	11	NA
11_2009_0499	0499	1	1	11	NA
11_2009_0500	0500	1	1	11	NA
11_2009_0501	0501	1	1	11	NA
11_2009_0502	0502	1	1	11	NA
11_2009_0503	0503	1	1	11	NA
11_2009_0504	0504	1	1	11	NA
11_2009_0505	0505	1	1	11	NA
11_2009_0506	0506	1	1	11	NA
11_2009_0507	0507	1	1	11	NA
11_2009_0508	0508	1	1	11	NA
11_2009_0509	0509	1	1	11	NA
11_2009_0510	0510	1	1	11	NA
11_2009_0511	0511	1	1	11	NA
11_2009_0512	0512	1	1	11	NA
11_2009_0513	0513	1	1	11	NA
11_2009_0514	0514	1	1	11	NA
11_2009_0515	0515	1	1	11	NA
11_2009_0516	0516	1	1	11	NA
11_2009_0517	0517	1	1	11	NA
11_2009_0518	0518	1	1	11	NA
11_2009_0519	0519	1	1	11	NA
11_2009_0520	0520	1	1	11	NA
11_2009_0521	0521	1	1	11	NA
11_2009_0522	0522	1	1	11	NA
11_2009_0523	0523	1	1	11	NA
11_2009_0524	0524	1	1	11	NA
11_2009_0525	0525	1	1	11	NA
11_2009_0526	0526	1	1	11	NA
11_2009_0527	0527	1	1	11	NA
11_2009_0528	0528	1	1	11	NA
11_2009_0529	0529	1	1	11	NA
11_2009_0530	0530	1	1	11	NA
11_2009_0531	0531	1	1	11	NA
11_2009_0532	0532	1	1	11	NA
11_2009_0533	0533	1	1	11	NA
11_2009_0534	0534	1	1	11	NA
11_2009_0535	0535	1	1	11	NA
11_2009_0536	0536	1	1	11	NA
11_2009_0537	0537	1	1	11	NA
11_2009_0538	0538	1	1	11	NA
11_2009_0539	0539	1	1	11	NA
11_2009_0540	0540	1	1	11	NA
11_2009_0541	0541	1	1	11	NA
11_2009_0542	0542	1	1	11	NA
11_2009_0543	0543	1	1	11	NA
11_2009_0544	0544	1	1	11	NA
11_2009_0545	0545	1	1	11	NA
11_2009_0546	0546	1	1	11	NA
11_2009_0547	0547	1	1	11	NA
11_2009_0548	0548	1	1	11	NA
11_2009_0549	0549	1	1	11	NA
11_2009_0550	0550	1	1	11	NA
11_2009_0551	0551	1	1	11	NA
11_2009_0552	0552	1	1	11	NA
11_2009_0553	0553	1	1	11	NA
11_2009_0554	0554	1	1	11	NA
11_2009_0555	0555	1	1	11	NA
11_2009_0556	0556	1	1	11	NA
11_2009_0557	0557	1	1	11	NA
11_2009_0558	0558	1	1	11	NA
11_2009_0559	0559	1	1	11	NA
11_2009_0560	0560	1	1	11	NA
11_2009_0561	0561	1	1	11	NA
11_2009_0562	0562	1	1	11	NA
11_2009_0563	0563	1	1	11	NA
11_2009_0564	0564	1	1	11	NA
11_2009_0565	0565	1	1	11	NA
11_2009_0566	0566	1	1	11	NA
11_2009_0567	0567	1	1	11	NA
11_2009_0568	0568	1	1	11	NA
11_2009_0569	0569	1	1	11	NA
11_2009_0570	0570	1	1	11	NA
11_2009_0571	0571	1	1	11	NA
11_2009_0572	0572	1	1	11	NA
11_2009_0573	0573	1	1	11	NA
11_2009_0574	0574	1	1	11	NA
11_2009_0575	0575	1	1	11	NA
11_2009_0576	0576	1	1	11	NA
11_2009_0577	0577	1	1	11	NA
11_2009_0578	0578	1	1	11	NA
11_2009_0579	0579	1	1	11	NA
11_2009_0580	0580	1	1	11	NA
11_2009_0581	0581	1	1	11	NA
11_2009_0582	0582	1	1	11	NA
11_2009_0583	0583	1	1	11	NA
11_2009_0584	0584	1	1	11	NA
11_2009_0585	0585	1	1	11	NA
11_2009_0586	0586	1	1	11	NA
11_2009_0587	0587	1	1	11	NA
11_2009_0588	0588	1	1	11	NA
11_2009_0589	0589	1	1	11	NA
11_2009_0590	0590	1	1	11	NA
11_2009_0591	0591	1	1	11	NA
11_2009_0592	0592	1	1	11	NA
11_2009_0593	0593	1	1	11	NA
11_2009_0594	0594	1	1	11	NA
11_2009_0595	0595	1	1	11	NA
11_2009_0596	0596	1	1	11	NA
11_2009_0597	0597	1	1	11	NA
11_2009_0598	0598	1	1	11	NA
11_2009_0599	0599	1	1	11	NA
11_2009_0600	0600	1	1	11	NA
11_2009_0601	0601	1	1	11	NA
11_2009_0602	0602	1	1	11	NA
11_2009_0603	0603	1	1	11	NA
11_2009_0604	0604	1	1	11	NA
11_2009_0605	0605	1	1	11	NA
11_2009_0606	0606	1	1	11	NA
11_2009_0607	0607	1	1	11	NA
11_2009_0608	0608	1	1	11	NA
11_2009_0609	0609	1	1	11	NA
11_2009_0610	0610	1	1	11	NA
11_2010_0611	0611	1	1	11	NA
11_2010_0612	0612	1	1	11	NA
11_2010_0613	0613	1	1	11	NA
11_2010_0614	0614	1	1	11	NA
11_2010_0615	0615	1	1	11	NA
11_2010_0616	0616	1	1	11	NA
11_2010_0617	0617	1	1	11	NA
11_2010_0618	0618	1	1	11	NA
11_2010_0619	0619	1	1	11	NA
11_2010_0620	0620	1	1	11	NA
11_2010_0621	0621	1	1	11	NA
11_2010_0622	0622	1	1	11	NA
11_2010_0623	0623	1	1	11	NA
11_2010_0624	0624	1	1	11	NA
11_2010_0625	0625	1	1	11	NA
11_2010_0626	0626	1	1	11	NA
11_2010_0627	0627	1	1	11	NA
11_2010_0628	0628	1	1	11	NA
11_2010_0629	0629	1	1	11	NA
11_2010_0630	0630	1	1	11	NA
11_2010_0631	0631	1	1	11	NA
11_2010_0632	0632	1	1	11	NA
11_2010_0633	0633	1	1	11	NA
11_2010_0634	0634	1	1	11	NA
11_2010_0635	0635	1	1	11	NA
11_2010_0636	0636	1	1	11	NA
11_2010_0637	0637	1	1	11	NA
11_2010_0638	0638	1	1	11	NA
11_2010_0639	0639	1	1	11	NA
11_2010_0640	0640	1	1	11	NA
11_2010_0641	0641	1	1	11	NA
11_2010_0642	0642	1	1	11	NA
11_2010_0643	0643	1	1	11	NA
11_2010_0644	0644	1	1	11	NA
11_2010_0645	0645	1	1	11	NA
11_2010_0646	0646	1	1	11	NA
11_2010_0647	0647	1	1	11	NA
11_2010_0648	0648	1	1	11	NA
11_2010_0649	0649	1	1	11	NA
11_2010_0650	0650	1	1	11	NA
11_2010_0651	0651	1	1	11	NA
11_2010_0652	0652	1	1	11	NA
11_2010_0653	0653	1	1	11	NA
11_2010_0654	0654	1	1	11	NA
11_2010_0655	0655	1	1	11	NA
11_2010_0656	0656	1	1	11	NA
11_2010_0657	0657	1	1	11	NA
11_2010_0658	0658	1	1	11	NA
11_2010_0659	0659	1	1	11	NA
11_2010_0660	0660	1	1	11	NA
11_2010_0661	0661	1	1	11	NA
11_2010_0662	0662	1	1	11	NA
11_2010_0663	0663	1	1	11	NA
11_2010_0664	0664	1	1	11	NA
11_2010_0665	0665	1	1	11	NA
11_2010_0666	0666	1	1	11	NA
11_2010_0667	0667	1	1	11	NA
11_2010_0668	0668	1	1	11	NA
11_2010_0669	0669	1	1	11	NA
11_2010_0670	0670	1	1	11	NA
11_2010_0671	0671	1	1	11	NA
11_2010_0672	0672	1	1	11	NA
11_2010_0673	0673	1	1	11	NA
11_2010_0674	0674	1	1	11	NA
11_2010_0675	0675	1	1	11	NA
11_2010_0676	0676	1	1	11	NA
11_2010_0677	0677	1	1	11	NA
11_2010_0678	0678	1	1	11	NA
11_2010_0679	0679	1	1	11	NA
11_2010_0680	0680	1	1	11	NA
11_2010_0681	0681	1	1	11	NA
11_2010_0682	0682	1	1	11	NA
11_2010_0683	0683	1	1	11	NA
11_2010_0684	0684	1	1	11	NA
11_2010_0685	0685	1	1	11	NA
11_2010_0686	0686	1	1	11	NA
11_2010_0687	0687	1	1	11	NA
11_2010_0688	0688	1	1	11	NA
11_2010_0689	0689	1	1	11	NA
11_2010_0690	0690	1	1	11	NA
11_2010_0691	0691	1	1	11	NA
11_2010_0692	0692	1	1	11	NA
11_2010_0693	0693	1	1	11	NA
11_2010_0694	0694	1	1	11	NA
11_2010_0695	0695	1	1	11	NA
11_2010_0696	0696	1	1	11	NA
11_2010_0697	0697	1	1	11	NA
11_2010_0698	0698	1	1	11	NA
11_2010_0699	0699	1	1	11	NA
11_2010_0700	0700	1	1	11	NA
11_2010_0701	0701	1	1	11	NA
11_2010_0702	0702	1	1	11	NA
11_2010_0703	0703	1	1	11	NA
11_2010_0704	0704	1	1	11	NA
11_2010_0705	0705	1	1	11	NA
11_2010_0706	0706	1	1	11	NA
11_2010_0707	0707	1	1	11	NA
11_2010_0708	0708	1	1	11	NA
11_2010_0709	0709	1	1	11	NA
11_2010_0710	0710	1	1	11	NA
11_2010_0711	0711	1	1	11	NA
11_2010_0712	0712	1	1	11	NA
11_2010_0713	0713	1	1	11	NA
11_2010_0714	0714	1	1	11	NA
11_2010_0715	0715	1	1	11	NA
11_2010_0716	0716	1	1	11	NA
11_2010_0717	0717	1	1	11	NA
11_2010_0718	0718	1	1	11	NA
11_2010_0719	0719	1	1	11	NA
11_2010_0720	0720	1	1	11	NA
11_2010_0721	0721	1	1	11	NA
11_2010_0722	0722	1	1	11	NA
11_2010_0723	0723	1	1	11	NA
11_2010_0724	0724	1	1	11	NA
11_2010_0725	0725	1	1	11	NA
11_2010_0726	0726	1	1	11	NA
11_2010_0727	0727	1	1	11	NA
11_2010_0728	0728	1	1	11	NA
11_2010_0729	0729	1	1	11	NA
11_2010_0730	0730	1	1	11	NA
11_2010_0731	0731	1	1	11	NA
11_2010_0732	0732	1	1	11	NA
11_2010_0733	0733	1	1	11	NA
11_2010_0734	0734	1	1	11	NA
11_2010_0735	0735	1	1	11	NA
11_2010_0736	0736	1	1	11	NA
11_2010_0737	0737	1	1	11	NA
11_2010_0738	0738	1	1	11	NA
11_2010_0739	0739	1	1	11	NA
11_2010_0740	0740	1	1	11	NA
11_2010_0741	0741	1	1	11	NA
11_2010_0742	0742	1	1	11	NA
11_2010_0743	0743	1	1	11	NA
11_2010_0744	0744	1	1	11	NA
11_2010_0745	0745	1	1	11	NA
11_2010_0746	0746	1	1	11	NA
11_2010_0747	0747	1	1	11	NA
11_2010_0748	0748	1	1	11	NA
11_2010_0749	0749	1	1	11	NA
11_2010_0750	0750	1	1	11	NA
11_2010_0751	0751	1	1	11	NA
11_2010_0752	0752	1	1	11	NA
11_2010_0753	0753	1	1	11	NA
11_2010_0754	0754	1	1	11	NA
11_2010_0755	0755	1	1	11	NA
11_2010_0756	0756	1	1	11	NA
11_2010_0757	0757	1	1	11	NA
11_2010_0758	0758	1	1	11	NA
11_2010_0759	0759	1	1	11	NA
11_2010_0760	0760	1	1	11	NA
11_2010_0761	0761	1	1	11	NA
11_2010_0762	0762	1	1	11	NA
11_2010_0763	0763	1	1	11	NA
11_2010_0764	0764	1	1	11	NA
11_2010_0765	0765	1	1	11	NA
11_2010_0766	0766	1	1	11	NA
11_2010_0767	0767	1	1	11	NA
11_2010_0768	0768	1	1	11	NA
11_2010_0769	0769	1	1	11	NA
11_2010_0770	0770	1	1	11	NA
11_2010_0771	0771	1	1	11	NA
11_2010_0772	0772	1	1	11	NA
11_2010_0773	0773	1	1	11	NA
11_2010_0774	0774	1	1	11	NA
11_2010_0775	0775	1	1	11	NA
11_2010_0776	0776	1	1	11	NA
11_2010_0777	0777	1	1	11	NA
11_2010_0778	0778	1	1	11	NA
11_2010_0779	0779	1	1	11	NA
11_2010_0780	0780	1	1	11	NA
11_2010_0781	0781	1	1	11	NA
11_2010_0782	0782	1	1	11	NA
11_2010_0783	0783	1	1	11	NA
11_2010_0784	0784	1	1	11	NA
11_2010_0785	0785	1	1	11	NA
11_2010_0786	0786	1	1	11	NA
11_2010_0787	0787	1	1	11	NA
11_2010_0788	0788	1	1	11	NA
11_2010_0789	0789	1	1	11	NA
11_2010_0790	0790	1	1	11	NA
12_2019_0791	0791	1	1	12	NA
12_2019_0792	0792	1	1	12	NA
12_2019_0793	0793	1	1	12	NA
12_2019_0794	0794	1	1	12	NA
12_2019_0795	0795	1	1	12	NA
12_2019_0796	0796	1	1	12	NA
12_2019_0797	0797	1	1	12	NA
12_2019_0798	0798	1	1	12	NA
12_2019_0799	0799	1	1	12	NA
12_2019_0800	0800	1	1	12	NA
12_2019_0801	0801	1	1	12	NA
12_2019_0802	0802	1	1	12	NA
12_2019_0803	0803	1	1	12	NA
12_2019_0804	0804	1	1	12	NA
12_2019_0805	0805	1	1	12	NA
12_2019_0806	0806	1	1	12	NA
12_2019_0807	0807	1	1	12	NA
12_2019_0808	0808	1	1	12	NA
12_2019_0809	0809	1	1	12	NA
12_2019_0810	0810	1	1	12	NA
12_2019_0811	0811	1	1	12	NA
12_2019_0812	0812	1	1	12	NA
12_2019_0813	0813	1	1	12	NA
12_2019_0814	0814	1	1	12	NA
12_2019_0815	0815	1	1	12	NA
12_2019_0816	0816	1	1	12	NA
12_2019_0817	0817	1	1	12	NA
12_2019_0818	0818	1	1	12	NA
12_2019_0819	0819	1	1	12	NA
12_2019_0820	0820	1	1	12	NA
12_2019_0821	0821	1	1	12	NA
12_2019_0822	0822	1	1	12	NA
12_2019_0823	0823	1	1	12	NA
12_2019_0824	0824	1	1	12	NA
12_2019_0825	0825	1	1	12	NA
12_2019_0826	0826	1	1	12	NA
12_2019_0827	0827	1	1	12	NA
12_2019_0828	0828	1	1	12	NA
12_2019_0829	0829	1	1	12	NA
12_2019_0830	0830	1	1	12	NA
12_2019_0831	0831	1	1	12	NA
12_2019_0832	0832	1	1	12	NA
12_2019_0833	0833	1	1	12	NA
12_2019_0834	0834	1	1	12	NA
12_2019_0835	0835	1	1	12	NA
12_2019_0836	0836	1	1	12	NA
12_2019_0837	0837	1	1	12	NA
12_2019_0838	0838	1	1	12	NA
12_2019_0839	0839	1	1	12	NA
12_2019_0840	0840	1	1	12	NA
12_2019_0841	0841	1	1	12	NA
12_2019_0842	0842	1	1	12	NA
12_2019_0843	0843	1	1	12	NA
12_2019_0844	0844	1	1	12	NA
12_2019_0845	0845	1	1	12	NA
12_2019_0846	0846	1	1	12	NA
12_2019_0847	0847	1	1	12	NA
12_2019_0848	0848	1	1	12	NA
12_2019_0849	0849	1	1	12	NA
12_2019_0850	0850	1	1	12	NA
12_2019_0851	0851	1	1	12	NA
12_2019_0852	0852	1	1	12	NA
12_2019_0853	0853	1	1	12	NA
12_2019_0854	0854	1	1	12	NA
12_2019_0855	0855	1	1	12	NA
12_2019_0856	0856	1	1	12	NA
12_2019_0857	0857	1	1	12	NA
12_2019_0858	0858	1	1	12	NA
12_2019_0859	0859	1	1	12	NA
12_2019_0860	0860	1	1	12	NA
12_2019_0861	0861	1	1	12	NA
12_2019_0862	0862	1	1	12	NA
12_2019_0863	0863	1	1	12	NA
12_2019_0864	0864	1	1	12	NA
12_2019_0865	0865	1	1	12	NA
12_2019_0866	0866	1	1	12	NA
12_2019_0867	0867	1	1	12	NA
12_2019_0868	0868	1	1	12	NA
12_2019_0869	0869	1	1	12	NA
12_2019_0870	0870	1	1	12	NA
12_2019_0871	0871	1	1	12	NA
12_2019_0872	0872	1	1	12	NA
12_2019_0873	0873	1	1	12	NA
12_2019_0874	0874	1	1	12	NA
12_2019_0875	0875	1	1	12	NA
12_2019_0876	0876	1	1	12	NA
12_2019_0877	0877	1	1	12	NA
12_2019_0878	0878	1	1	12	NA
12_2019_0879	0879	1	1	12	NA
12_2019_0880	0880	1	1	12	NA
12_2019_0881	0881	1	1	12	NA
12_2019_0882	0882	1	1	12	NA
12_2019_0883	0883	1	1	12	NA
12_2019_0884	0884	1	1	12	NA
12_2019_0885	0885	1	1	12	NA
12_2019_0886	0886	1	1	12	NA
12_2019_0887	0887	1	1	12	NA
12_2019_0888	0888	1	1	12	NA
12_2019_0889	0889	1	1	12	NA
12_2019_0890	0890	1	1	12	NA
12_2019_0891	0891	1	1	12	NA
12_2019_0892	0892	1	1	12	NA
12_2019_0893	0893	1	1	12	NA
12_2019_0894	0894	1	1	12	NA
12_2019_0895	0895	1	1	12	NA
12_2019_0896	0896	1	1	12	NA
12_2019_0897	0897	1	1	12	NA
12_2019_0898	0898	1	1	12	NA
12_2019_0899	0899	1	1	12	NA
12_2019_0900	0900	1	1	12	NA
12_2019_0901	0901	1	1	12	NA
12_2019_0902	0902	1	1	12	NA
12_2019_0903	0903	1	1	12	NA
12_2019_0904	0904	1	1	12	NA
12_2019_0905	0905	1	1	12	NA
12_2019_0906	0906	1	1	12	NA
12_2019_0907	0907	1	1	12	NA
12_2019_0908	0908	1	1	12	NA
12_2019_0909	0909	1	1	12	NA
12_2019_0910	0910	1	1	12	NA
12_2019_0911	0911	1	1	12	NA
12_2019_0912	0912	1	1	12	NA
12_2019_0913	0913	1	1	12	NA
12_2019_0914	0914	1	1	12	NA
12_2019_0915	0915	1	1	12	NA
12_2019_0916	0916	1	1	12	NA
12_2019_0917	0917	1	1	12	NA
12_2019_0918	0918	1	1	12	NA
12_2019_0919	0919	1	1	12	NA
12_2019_0920	0920	1	1	12	NA
12_2019_0921	0921	1	1	12	NA
12_2019_0922	0922	1	1	12	NA
12_2019_0923	0923	1	1	12	NA
12_2019_0924	0924	1	1	12	NA
12_2019_0925	0925	1	1	12	NA
12_2019_0926	0926	1	1	12	NA
12_2019_0927	0927	1	1	12	NA
12_2019_0928	0928	1	1	12	NA
12_2019_0929	0929	1	1	12	NA
12_2019_0930	0930	1	1	12	NA
12_2019_0931	0931	1	1	12	NA
12_2019_0932	0932	1	1	12	NA
12_2019_0933	0933	1	1	12	NA
12_2019_0934	0934	1	1	12	NA
12_2019_0935	0935	1	1	12	NA
12_2019_0936	0936	1	1	12	NA
12_2019_0937	0937	1	1	12	NA
12_2019_0938	0938	1	1	12	NA
12_2019_0939	0939	1	1	12	NA
12_2019_0940	0940	1	1	12	NA
13_2008_0941	0941	1	1	13	NA
13_2008_0942	0942	1	1	13	NA
13_2008_0943	0943	1	1	13	NA
13_2008_0944	0944	1	1	13	NA
13_2008_0945	0945	1	1	13	NA
13_2008_0946	0946	1	1	13	NA
13_2008_0947	0947	1	1	13	NA
13_2008_0948	0948	1	1	13	NA
13_2008_0949	0949	1	1	13	NA
13_2008_0950	0950	1	1	13	NA
13_2008_0951	0951	1	1	13	NA
13_2008_0952	0952	1	1	13	NA
13_2008_0953	0953	1	1	13	NA
13_2008_0954	0954	1	1	13	NA
13_2008_0955	0955	1	1	13	NA
13_2008_0956	0956	1	1	13	NA
13_2008_0957	0957	1	1	13	NA
13_2008_0958	0958	1	1	13	NA
13_2008_0959	0959	1	1	13	NA
13_2008_0960	0960	1	1	13	NA
13_2008_0961	0961	1	1	13	NA
13_2008_0962	0962	1	1	13	NA
13_2008_0963	0963	1	1	13	NA
13_2008_0964	0964	1	1	13	NA
13_2008_0965	0965	1	1	13	NA
13_2008_0966	0966	1	1	13	NA
13_2008_0967	0967	1	1	13	NA
13_2008_0968	0968	1	1	13	NA
13_2008_0969	0969	1	1	13	NA
13_2008_0970	0970	1	1	13	NA
13_2008_0971	0971	1	1	13	NA
13_2008_0972	0972	1	1	13	NA
13_2008_0973	0973	1	1	13	NA
13_2008_0974	0974	1	1	13	NA
13_2008_0975	0975	1	1	13	NA
13_2008_0976	0976	1	1	13	NA
13_2008_0977	0977	1	1	13	NA
13_2008_0978	0978	1	1	13	NA
13_2008_0979	0979	1	1	13	NA
13_2008_0980	0980	1	1	13	NA
13_2008_0981	0981	1	1	13	NA
13_2008_0982	0982	1	1	13	NA
13_2008_0983	0983	1	1	13	NA
13_2008_0984	0984	1	1	13	NA
13_2008_0985	0985	1	1	13	NA
13_2008_0986	0986	1	1	13	NA
13_2008_0987	0987	1	1	13	NA
13_2008_0988	0988	1	1	13	NA
13_2008_0989	0989	1	1	13	NA
13_2008_0990	0990	1	1	13	NA
13_2008_0991	0991	1	1	13	NA
13_2008_0992	0992	1	1	13	NA
13_2008_0993	0993	1	1	13	NA
13_2008_0994	0994	1	1	13	NA
13_2008_0995	0995	1	1	13	NA
13_2008_0996	0996	1	1	13	NA
13_2008_0997	0997	1	1	13	NA
13_2008_0998	0998	1	1	13	NA
13_2008_0999	0999	1	1	13	NA
13_2008_1000	1000	1	1	13	NA
13_2008_1001	1001	1	1	13	NA
13_2008_1002	1002	1	1	13	NA
13_2008_1003	1003	1	1	13	NA
13_2008_1004	1004	1	1	13	NA
13_2008_1005	1005	1	1	13	NA
13_2008_1006	1006	1	1	13	NA
13_2008_1007	1007	1	1	13	NA
13_2008_1008	1008	1	1	13	NA
13_2008_1009	1009	1	1	13	NA
13_2008_1010	1010	1	1	13	NA
13_2008_1011	1011	1	1	13	NA
13_2008_1012	1012	1	1	13	NA
13_2008_1013	1013	1	1	13	NA
13_2008_1014	1014	1	1	13	NA
13_2008_1015	1015	1	1	13	NA
13_2008_1016	1016	1	1	13	NA
13_2008_1017	1017	1	1	13	NA
13_2008_1018	1018	1	1	13	NA
13_2008_1019	1019	1	1	13	NA
13_2008_1020	1020	1	1	13	NA
13_2008_1021	1021	1	1	13	NA
13_2008_1022	1022	1	1	13	NA
13_2008_1023	1023	1	1	13	NA
13_2008_1024	1024	1	1	13	NA
13_2008_1025	1025	1	1	13	NA
13_2008_1026	1026	1	1	13	NA
13_2008_1027	1027	1	1	13	NA
13_2008_1028	1028	1	1	13	NA
13_2008_1029	1029	1	1	13	NA
13_2008_1030	1030	1	1	13	NA
13_2008_1031	1031	1	1	13	NA
13_2008_1032	1032	1	1	13	NA
13_2008_1033	1033	1	1	13	NA
13_2008_1034	1034	1	1	13	NA
13_2008_1035	1035	1	1	13	NA
13_2008_1036	1036	1	1	13	NA
13_2008_1037	1037	1	1	13	NA
13_2008_1038	1038	1	1	13	NA
13_2008_1039	1039	1	1	13	NA
13_2008_1040	1040	1	1	13	NA
13_2008_1041	1041	1	1	13	NA
13_2008_1042	1042	1	1	13	NA
13_2008_1043	1043	1	1	13	NA
13_2008_1044	1044	1	1	13	NA
13_2008_1045	1045	1	1	13	NA
13_2008_1046	1046	1	1	13	NA
13_2008_1047	1047	1	1	13	NA
13_2008_1048	1048	1	1	13	NA
13_2008_1049	1049	1	1	13	NA
13_2008_1050	1050	1	1	13	NA
13_2008_1051	1051	1	1	13	NA
13_2008_1052	1052	1	1	13	NA
13_2008_1053	1053	1	1	13	NA
13_2008_1054	1054	1	1	13	NA
13_2008_1055	1055	1	1	13	NA
13_2008_1056	1056	1	1	13	NA
13_2008_1057	1057	1	1	13	NA
13_2008_1058	1058	1	1	13	NA
13_2008_1059	1059	1	1	13	NA
13_2008_1060	1060	1	1	13	NA
13_2008_1061	1061	1	1	13	NA
13_2008_1062	1062	1	1	13	NA
13_2008_1063	1063	1	1	13	NA
13_2008_1064	1064	1	1	13	NA
13_2008_1121	1121	1	1	13	NA
13_2008_1122	1122	1	1	13	NA
13_2008_1123	1123	1	1	13	NA
13_2008_1124	1124	1	1	13	NA
13_2008_1125	1125	1	1	13	NA
13_2008_1126	1126	1	1	13	NA
13_2008_1127	1127	1	1	13	NA
13_2008_1128	1128	1	1	13	NA
13_2008_1129	1129	1	1	13	NA
13_2008_1130	1130	1	1	13	NA
13_2008_1131	1131	1	1	13	NA
13_2008_1132	1132	1	1	13	NA
13_2008_1133	1133	1	1	13	NA
13_2008_1134	1134	1	1	13	NA
13_2008_1135	1135	1	1	13	NA
13_2008_1136	1136	1	1	13	NA
13_2008_1137	1137	1	1	13	NA
13_2008_1138	1138	1	1	13	NA
13_2008_1139	1139	1	1	13	NA
13_2008_1140	1140	1	1	13	NA
13_2008_1141	1141	1	1	13	NA
13_2008_1142	1142	1	1	13	NA
13_2008_1143	1143	1	1	13	NA
13_2008_1144	1144	1	1	13	NA
13_2008_1145	1145	1	1	13	NA
13_2008_1146	1146	1	1	13	NA
13_2008_1147	1147	1	1	13	NA
13_2008_1148	1148	1	1	13	NA
13_2008_1149	1149	1	1	13	NA
13_2008_1150	1150	1	1	13	NA
13_2008_1151	1151	1	1	13	NA
13_2008_1152	1152	1	1	13	NA
13_2008_1153	1153	1	1	13	NA
13_2008_1154	1154	1	1	13	NA
13_2008_1155	1155	1	1	13	NA
13_2008_1156	1156	1	1	13	NA
13_2008_1157	1157	1	1	13	NA
13_2008_1158	1158	1	1	13	NA
13_2008_1159	1159	1	1	13	NA
13_2008_1160	1160	1	1	13	NA
13_2008_1161	1161	1	1	13	NA
13_2008_1162	1162	1	1	13	NA
13_2008_1163	1163	1	1	13	NA
13_2008_1164	1164	1	1	13	NA
13_2008_1165	1165	1	1	13	NA
13_2008_1166	1166	1	1	13	NA
13_2008_1167	1167	1	1	13	NA
13_2008_1168	1168	1	1	13	NA
13_2008_1169	1169	1	1	13	NA
13_2008_1170	1170	1	1	13	NA
13_2008_1171	1171	1	1	13	NA
13_2008_1172	1172	1	1	13	NA
13_2008_1173	1173	1	1	13	NA
13_2008_1174	1174	1	1	13	NA
13_2008_1175	1175	1	1	13	NA
13_2008_1176	1176	1	1	13	NA
13_2008_1177	1177	1	1	13	NA
13_2008_1178	1178	1	1	13	NA
13_2008_1179	1179	1	1	13	NA
13_2008_1180	1180	1	1	13	NA
13_2008_1181	1181	1	1	13	NA
13_2008_1182	1182	1	1	13	NA
13_2008_1183	1183	1	1	13	NA
13_2008_1184	1184	1	1	13	NA
13_2008_1185	1185	1	1	13	NA
13_2008_1186	1186	1	1	13	NA
13_2008_1187	1187	1	1	13	NA
13_2008_1188	1188	1	1	13	NA
13_2008_1189	1189	1	1	13	NA
13_2008_1190	1190	1	1	13	NA
13_2008_1191	1191	1	1	13	NA
13_2008_1192	1192	1	1	13	NA
13_2008_1193	1193	1	1	13	NA
13_2008_1194	1194	1	1	13	NA
13_2008_1195	1195	1	1	13	NA
13_2008_1196	1196	1	1	13	NA
13_2008_1197	1197	1	1	13	NA
13_2008_1198	1198	1	1	13	NA
13_2008_1199	1199	1	1	13	NA
13_2008_1200	1200	1	1	13	NA
13_2008_1201	1201	1	1	13	NA
13_2008_1202	1202	1	1	13	NA
13_2008_1203	1203	1	1	13	NA
13_2008_1204	1204	1	1	13	NA
13_2008_1205	1205	1	1	13	NA
13_2008_1206	1206	1	1	13	NA
13_2008_1207	1207	1	1	13	NA
13_2008_1208	1208	1	1	13	NA
13_2008_1209	1209	1	1	13	NA
13_2008_1210	1210	1	1	13	NA
13_2008_1211	1211	1	1	13	NA
13_2008_1212	1212	1	1	13	NA
13_2008_1213	1213	1	1	13	NA
13_2008_1214	1214	1	1	13	NA
13_2008_1215	1215	1	1	13	NA
13_2008_1216	1216	1	1	13	NA
13_2008_1217	1217	1	1	13	NA
13_2008_1218	1218	1	1	13	NA
13_2008_1219	1219	1	1	13	NA
13_2008_1220	1220	1	1	13	NA
13_2008_1221	1221	1	1	13	NA
13_2008_1222	1222	1	1	13	NA
13_2008_1223	1223	1	1	13	NA
13_2008_1224	1224	1	1	13	NA
13_2008_1225	1225	1	1	13	NA
13_2008_1226	1226	1	1	13	NA
13_2008_1227	1227	1	1	13	NA
13_2008_1228	1228	1	1	13	NA
13_2008_1229	1229	1	1	13	NA
13_2008_1230	1230	1	1	13	NA
13_2008_1231	1231	1	1	13	NA
13_2008_1232	1232	1	1	13	NA
13_2008_1233	1233	1	1	13	NA
13_2008_1234	1234	1	1	13	NA
13_2008_1235	1235	1	1	13	NA
13_2008_1236	1236	1	1	13	NA
13_2008_1237	1237	1	1	13	NA
13_2008_1238	1238	1	1	13	NA
13_2008_1239	1239	1	1	13	NA
13_2008_1240	1240	1	1	13	NA
13_2008_1241	1241	1	1	13	NA
13_2008_1242	1242	1	1	13	NA
13_2008_1243	1243	1	1	13	NA
13_2008_1244	1244	1	1	13	NA
13_2008_1245	1245	1	1	13	NA
13_2008_1246	1246	1	1	13	NA
13_2008_1247	1247	1	1	13	NA
13_2008_1248	1248	1	1	13	NA
13_2008_1249	1249	1	1	13	NA
13_2008_1250	1250	1	1	13	NA
13_2008_1251	1251	1	1	13	NA
13_2008_1252	1252	1	1	13	NA
13_2008_1253	1253	1	1	13	NA
13_2008_1254	1254	1	1	13	NA
13_2008_1255	1255	1	1	13	NA
13_2008_1256	1256	1	1	13	NA
13_2008_1257	1257	1	1	13	NA
13_2008_1258	1258	1	1	13	NA
13_2008_1259	1259	1	1	13	NA
13_2008_1260	1260	1	1	13	NA
13_2008_1261	1261	1	1	13	NA
13_2008_1262	1262	1	1	13	NA
13_2008_1263	1263	1	1	13	NA
13_2008_1264	1264	1	1	13	NA
13_2008_1265	1265	1	1	13	NA
13_2008_1266	1266	1	1	13	NA
13_2008_1267	1267	1	1	13	NA
13_2008_1268	1268	1	1	13	NA
13_2008_1269	1269	1	1	13	NA
13_2008_1270	1270	1	1	13	NA
13_2008_1271	1271	1	1	13	NA
13_2008_1272	1272	1	1	13	NA
13_2008_1273	1273	1	1	13	NA
13_2008_1274	1274	1	1	13	NA
13_2008_1275	1275	1	1	13	NA
13_2008_1276	1276	1	1	13	NA
13_2008_1277	1277	1	1	13	NA
13_2008_1278	1278	1	1	13	NA
13_2008_1279	1279	1	1	13	NA
13_2008_1280	1280	1	1	13	NA
13_2008_1281	1281	1	1	13	NA
13_2008_1282	1282	1	1	13	NA
13_2008_1283	1283	1	1	13	NA
13_2008_1284	1284	1	1	13	NA
13_2008_1285	1285	1	1	13	NA
13_2008_1286	1286	1	1	13	NA
13_2008_1287	1287	1	1	13	NA
13_2008_1288	1288	1	1	13	NA
13_2008_1289	1289	1	1	13	NA
13_2008_1290	1290	1	1	13	NA
13_2008_1291	1291	1	1	13	NA
13_2008_1292	1292	1	1	13	NA
13_2008_1293	1293	1	1	13	NA
13_2008_1294	1294	1	1	13	NA
13_2008_1295	1295	1	1	13	NA
13_2008_1296	1296	1	1	13	NA
13_2008_1297	1297	1	1	13	NA
13_2008_1298	1298	1	1	13	NA
13_2008_1299	1299	1	1	13	NA
13_2008_1300	1300	1	1	13	NA
13_2008_1301	1301	1	1	13	NA
13_2008_1302	1302	1	1	13	NA
13_2008_1303	1303	1	1	13	NA
13_2008_1304	1304	1	1	13	NA
13_2008_1305	1305	1	1	13	NA
13_2008_1306	1306	1	1	13	NA
13_2008_1307	1307	1	1	13	NA
13_2008_1308	1308	1	1	13	NA
13_2008_1309	1309	1	1	13	NA
13_2008_1310	1310	1	1	13	NA
13_2008_1311	1311	1	1	13	NA
13_2008_1312	1312	1	1	13	NA
13_2008_1313	1313	1	1	13	NA
13_2008_1314	1314	1	1	13	NA
13_2008_1315	1315	1	1	13	NA
13_2008_1316	1316	1	1	13	NA
13_2008_1317	1317	1	1	13	NA
13_2008_1318	1318	1	1	13	NA
13_2008_1319	1319	1	1	13	NA
13_2008_1320	1320	1	1	13	NA
13_2008_1321	1321	1	1	13	NA
13_2008_1322	1322	1	1	13	NA
13_2008_1323	1323	1	1	13	NA
13_2008_1324	1324	1	1	13	NA
13_2008_1325	1325	1	1	13	NA
13_2008_1326	1326	1	1	13	NA
13_2008_1327	1327	1	1	13	NA
13_2008_1328	1328	1	1	13	NA
13_2008_1329	1329	1	1	13	NA
13_2008_1330	1330	1	1	13	NA
13_2008_1331	1331	1	1	13	NA
13_2008_1332	1332	1	1	13	NA
13_2008_1333	1333	1	1	13	NA
13_2008_1334	1334	1	1	13	NA
13_2008_1335	1335	1	1	13	NA
13_2008_1336	1336	1	1	13	NA
13_2008_1337	1337	1	1	13	NA
13_2008_1338	1338	1	1	13	NA
13_2008_1339	1339	1	1	13	NA
13_2008_1340	1340	1	1	13	NA
13_2008_1341	1341	1	1	13	NA
13_2008_1342	1342	1	1	13	NA
13_2008_1343	1343	1	1	13	NA
13_2008_1344	1344	1	1	13	NA
13_2008_1345	1345	1	1	13	NA
13_2008_1346	1346	1	1	13	NA
13_2008_1347	1347	1	1	13	NA
13_2008_1348	1348	1	1	13	NA
13_2008_1349	1349	1	1	13	NA
13_2008_1350	1350	1	1	13	NA
13_2008_1351	1351	1	1	13	NA
13_2008_1352	1352	1	1	13	NA
13_2008_1353	1353	1	1	13	NA
13_2008_1354	1354	1	1	13	NA
13_2008_1355	1355	1	1	13	NA
13_2008_1356	1356	1	1	13	NA
13_2008_1357	1357	1	1	13	NA
13_2008_1358	1358	1	1	13	NA
13_2008_1359	1359	1	1	13	NA
13_2008_1360	1360	1	1	13	NA
13_2008_1361	1361	1	1	13	NA
13_2008_1362	1362	1	1	13	NA
13_2008_1363	1363	1	1	13	NA
13_2008_1364	1364	1	1	13	NA
13_2008_1365	1365	1	1	13	NA
13_2008_1366	1366	1	1	13	NA
13_2008_1367	1367	1	1	13	NA
13_2008_1368	1368	1	1	13	NA
13_2008_1369	1369	1	1	13	NA
13_2008_1370	1370	1	1	13	NA
13_2008_1371	1371	1	1	13	NA
13_2008_1372	1372	1	1	13	NA
13_2008_1373	1373	1	1	13	NA
13_2008_1374	1374	1	1	13	NA
13_2008_1375	1375	1	1	13	NA
13_2008_1376	1376	1	1	13	NA
13_2008_1377	1377	1	1	13	NA
13_2008_1378	1378	1	1	13	NA
13_2008_1379	1379	1	1	13	NA
13_2008_1380	1380	1	1	13	NA
13_2008_1381	1381	1	1	13	NA
13_2008_1382	1382	1	1	13	NA
13_2008_1383	1383	1	1	13	NA
13_2008_1384	1384	1	1	13	NA
13_2008_1385	1385	1	1	13	NA
13_2008_1386	1386	1	1	13	NA
13_2008_1387	1387	1	1	13	NA
13_2008_1388	1388	1	1	13	NA
13_2008_1389	1389	1	1	13	NA
13_2008_1390	1390	1	1	13	NA
13_2008_1391	1391	1	1	13	NA
13_2008_1392	1392	1	1	13	NA
13_2008_1393	1393	1	1	13	NA
13_2008_1394	1394	1	1	13	NA
13_2008_1395	1395	1	1	13	NA
13_2008_1396	1396	1	1	13	NA
13_2008_1397	1397	1	1	13	NA
13_2008_1398	1398	1	1	13	NA
13_2008_1399	1399	1	1	13	NA
13_2008_1400	1400	1	1	13	NA
13_2008_1401	1401	1	1	13	NA
13_2008_1402	1402	1	1	13	NA
13_2008_1403	1403	1	1	13	NA
13_2008_1404	1404	1	1	13	NA
13_2008_1405	1405	1	1	13	NA
13_2008_1406	1406	1	1	13	NA
13_2008_1407	1407	1	1	13	NA
13_2008_1408	1408	1	1	13	NA
13_2008_1409	1409	1	1	13	NA
13_2008_1410	1410	1	1	13	NA
13_2008_1411	1411	1	1	13	NA
13_2008_1412	1412	1	1	13	NA
13_2008_1413	1413	1	1	13	NA
13_2008_1414	1414	1	1	13	NA
13_2008_1415	1415	1	1	13	NA
13_2008_1416	1416	1	1	13	NA
13_2008_1417	1417	1	1	13	NA
13_2008_1418	1418	1	1	13	NA
13_2008_1419	1419	1	1	13	NA
13_2008_1420	1420	1	1	13	NA
13_2008_1421	1421	1	1	13	NA
13_2008_1422	1422	1	1	13	NA
13_2008_1423	1423	1	1	13	NA
13_2008_1424	1424	1	1	13	NA
13_2008_1425	1425	1	1	13	NA
13_2008_1426	1426	1	1	13	NA
13_2008_1427	1427	1	1	13	NA
13_2008_1428	1428	1	1	13	NA
13_2008_1429	1429	1	1	13	NA
13_2008_1430	1430	1	1	13	NA
13_2008_1431	1431	1	1	13	NA
13_2008_1432	1432	1	1	13	NA
13_2008_1433	1433	1	1	13	NA
13_2008_1434	1434	1	1	13	NA
13_2008_1435	1435	1	1	13	NA
13_2008_1436	1436	1	1	13	NA
13_2008_1437	1437	1	1	13	NA
13_2008_1438	1438	1	1	13	NA
13_2008_1439	1439	1	1	13	NA
13_2008_1440	1440	1	1	13	NA
13_2008_1441	1441	1	1	13	NA
13_2008_1442	1442	1	1	13	NA
13_2008_1443	1443	1	1	13	NA
13_2008_1444	1444	1	1	13	NA
13_2008_1445	1445	1	1	13	NA
13_2008_1446	1446	1	1	13	NA
13_2008_1447	1447	1	1	13	NA
13_2008_1448	1448	1	1	13	NA
13_2008_1449	1449	1	1	13	NA
13_2008_1450	1450	1	1	13	NA
13_2008_1451	1451	1	1	13	NA
13_2008_1452	1452	1	1	13	NA
13_2008_1453	1453	1	1	13	NA
13_2008_1454	1454	1	1	13	NA
13_2008_1455	1455	1	1	13	NA
13_2008_1456	1456	1	1	13	NA
13_2008_1457	1457	1	1	13	NA
13_2008_1458	1458	1	1	13	NA
13_2008_1459	1459	1	1	13	NA
13_2008_1460	1460	1	1	13	NA
13_2008_1461	1461	1	1	13	NA
13_2008_1462	1462	1	1	13	NA
13_2008_1463	1463	1	1	13	NA
13_2008_1464	1464	1	1	13	NA
13_2008_1465	1465	1	1	13	NA
13_2008_1466	1466	1	1	13	NA
13_2008_1467	1467	1	1	13	NA
13_2008_1468	1468	1	1	13	NA
13_2008_1469	1469	1	1	13	NA
13_2008_1470	1470	1	1	13	NA
13_2008_1471	1471	1	1	13	NA
13_2008_1472	1472	1	1	13	NA
13_2008_1473	1473	1	1	13	NA
13_2008_1474	1474	1	1	13	NA
13_2008_1475	1475	1	1	13	NA
13_2008_1476	1476	1	1	13	NA
13_2008_1477	1477	1	1	13	NA
13_2008_1478	1478	1	1	13	NA
13_2008_1479	1479	1	1	13	NA
13_2008_1480	1480	1	1	13	NA
21_2008_1481	1481	1	1	21	NA
21_2008_1482	1482	1	1	21	NA
21_2008_1483	1483	1	1	21	NA
21_2008_1484	1484	1	1	21	NA
21_2008_1485	1485	1	1	21	NA
21_2008_1486	1486	1	1	21	NA
21_2008_1487	1487	1	1	21	NA
21_2008_1488	1488	1	1	21	NA
21_2008_1489	1489	1	1	21	NA
21_2008_1490	1490	1	1	21	NA
21_2008_1491	1491	1	1	21	NA
21_2008_1492	1492	1	1	21	NA
21_2008_1493	1493	1	1	21	NA
21_2008_1494	1494	1	1	21	NA
21_2008_1495	1495	1	1	21	NA
21_2008_1496	1496	1	1	21	NA
21_2008_1497	1497	1	1	21	NA
21_2008_1498	1498	1	1	21	NA
21_2008_1499	1499	1	1	21	NA
21_2008_1500	1500	1	1	21	NA
21_2008_1501	1501	1	1	21	NA
21_2008_1502	1502	1	1	21	NA
21_2008_1503	1503	1	1	21	NA
21_2008_1504	1504	1	1	21	NA
21_2008_1505	1505	1	1	21	NA
21_2008_1506	1506	1	1	21	NA
21_2008_1507	1507	1	1	21	NA
21_2008_1508	1508	1	1	21	NA
21_2008_1509	1509	1	1	21	NA
21_2008_1510	1510	1	1	21	NA
21_2008_1511	1511	1	1	21	NA
21_2008_1512	1512	1	1	21	NA
21_2008_1513	1513	1	1	21	NA
21_2008_1514	1514	1	1	21	NA
21_2008_1515	1515	1	1	21	NA
21_2008_1516	1516	1	1	21	NA
21_2008_1517	1517	1	1	21	NA
21_2008_1518	1518	1	1	21	NA
21_2008_1519	1519	1	1	21	NA
21_2008_1520	1520	1	1	21	NA
21_2008_1521	1521	1	1	21	NA
21_2008_1522	1522	1	1	21	NA
21_2008_1523	1523	1	1	21	NA
21_2008_1524	1524	1	1	21	NA
21_2008_1525	1525	1	1	21	NA
21_2008_1526	1526	1	1	21	NA
21_2008_1527	1527	1	1	21	NA
21_2008_1528	1528	1	1	21	NA
21_2008_1529	1529	1	1	21	NA
21_2008_1530	1530	1	1	21	NA
21_2008_1531	1531	1	1	21	NA
21_2008_1532	1532	1	1	21	NA
21_2008_1533	1533	1	1	21	NA
21_2008_1534	1534	1	1	21	NA
21_2008_1535	1535	1	1	21	NA
21_2008_1536	1536	1	1	21	NA
21_2008_1537	1537	1	1	21	NA
21_2008_1538	1538	1	1	21	NA
21_2008_1539	1539	1	1	21	NA
21_2008_1540	1540	1	1	21	NA
21_2008_1541	1541	1	1	21	NA
21_2008_1542	1542	1	1	21	NA
21_2008_1543	1543	1	1	21	NA
21_2008_1544	1544	1	1	21	NA
21_2008_1545	1545	1	1	21	NA
21_2008_1546	1546	1	1	21	NA
21_2008_1547	1547	1	1	21	NA
21_2008_1548	1548	1	1	21	NA
21_2008_1549	1549	1	1	21	NA
21_2008_1550	1550	1	1	21	NA
21_2008_1551	1551	1	1	21	NA
21_2008_1552	1552	1	1	21	NA
21_2008_1553	1553	1	1	21	NA
21_2008_1554	1554	1	1	21	NA
21_2008_1555	1555	1	1	21	NA
21_2008_1556	1556	1	1	21	NA
21_2008_1557	1557	1	1	21	NA
21_2008_1558	1558	1	1	21	NA
21_2008_1559	1559	1	1	21	NA
21_2008_1560	1560	1	1	21	NA
21_2008_1561	1561	1	1	21	NA
21_2008_1562	1562	1	1	21	NA
21_2008_1563	1563	1	1	21	NA
21_2008_1564	1564	1	1	21	NA
21_2008_1565	1565	1	1	21	NA
21_2008_1566	1566	1	1	21	NA
21_2008_1567	1567	1	1	21	NA
21_2008_1568	1568	1	1	21	NA
21_2008_1569	1569	1	1	21	NA
21_2008_1570	1570	1	1	21	NA
21_2008_1571	1571	1	1	21	NA
21_2008_1572	1572	1	1	21	NA
21_2008_1573	1573	1	1	21	NA
21_2008_1574	1574	1	1	21	NA
21_2008_1575	1575	1	1	21	NA
21_2008_1576	1576	1	1	21	NA
21_2008_1577	1577	1	1	21	NA
21_2008_1578	1578	1	1	21	NA
21_2008_1579	1579	1	1	21	NA
21_2008_1580	1580	1	1	21	NA
21_2008_1581	1581	1	1	21	NA
21_2008_1582	1582	1	1	21	NA
21_2008_1583	1583	1	1	21	NA
21_2008_1584	1584	1	1	21	NA
21_2008_1585	1585	1	1	21	NA
21_2008_1586	1586	1	1	21	NA
21_2008_1587	1587	1	1	21	NA
21_2008_1588	1588	1	1	21	NA
21_2008_1589	1589	1	1	21	NA
21_2008_1590	1590	1	1	21	NA
21_2008_1591	1591	1	1	21	NA
21_2008_1592	1592	1	1	21	NA
21_2008_1593	1593	1	1	21	NA
21_2008_1594	1594	1	1	21	NA
21_2008_1595	1595	1	1	21	NA
21_2008_1596	1596	1	1	21	NA
21_2008_1597	1597	1	1	21	NA
21_2008_1598	1598	1	1	21	NA
21_2008_1599	1599	1	1	21	NA
21_2008_1600	1600	1	1	21	NA
21_2008_1601	1601	1	1	21	NA
21_2008_1602	1602	1	1	21	NA
21_2008_1603	1603	1	1	21	NA
21_2008_1604	1604	1	1	21	NA
21_2008_1605	1605	1	1	21	NA
21_2008_1606	1606	1	1	21	NA
21_2008_1607	1607	1	1	21	NA
21_2008_1608	1608	1	1	21	NA
21_2008_1609	1609	1	1	21	NA
21_2008_1610	1610	1	1	21	NA
21_2008_1611	1611	1	1	21	NA
21_2008_1612	1612	1	1	21	NA
21_2008_1613	1613	1	1	21	NA
21_2008_1614	1614	1	1	21	NA
21_2008_1615	1615	1	1	21	NA
21_2008_1616	1616	1	1	21	NA
21_2008_1617	1617	1	1	21	NA
21_2008_1618	1618	1	1	21	NA
21_2008_1619	1619	1	1	21	NA
21_2008_1620	1620	1	1	21	NA
21_2008_1621	1621	1	1	21	NA
21_2008_1622	1622	1	1	21	NA
21_2008_1623	1623	1	1	21	NA
21_2008_1624	1624	1	1	21	NA
21_2008_1625	1625	1	1	21	NA
21_2008_1626	1626	1	1	21	NA
21_2008_1627	1627	1	1	21	NA
21_2008_1628	1628	1	1	21	NA
21_2008_1629	1629	1	1	21	NA
21_2008_1630	1630	1	1	21	NA
21_2008_1631	1631	1	1	21	NA
21_2008_1632	1632	1	1	21	NA
21_2008_1633	1633	1	1	21	NA
21_2008_1634	1634	1	1	21	NA
21_2008_1635	1635	1	1	21	NA
21_2008_1636	1636	1	1	21	NA
21_2008_1637	1637	1	1	21	NA
21_2008_1638	1638	1	1	21	NA
21_2008_1639	1639	1	1	21	NA
21_2008_1640	1640	1	1	21	NA
21_2008_1641	1641	1	1	21	NA
21_2008_1642	1642	1	1	21	NA
21_2008_1643	1643	1	1	21	NA
21_2008_1644	1644	1	1	21	NA
21_2008_1645	1645	1	1	21	NA
21_2008_1646	1646	1	1	21	NA
21_2008_1647	1647	1	1	21	NA
21_2008_1648	1648	1	1	21	NA
21_2008_1649	1649	1	1	21	NA
21_2008_1650	1650	1	1	21	NA
21_2008_1651	1651	1	1	21	NA
21_2008_1652	1652	1	1	21	NA
21_2008_1653	1653	1	1	21	NA
21_2008_1654	1654	1	1	21	NA
21_2008_1655	1655	1	1	21	NA
21_2008_1656	1656	1	1	21	NA
21_2008_1657	1657	1	1	21	NA
21_2008_1658	1658	1	1	21	NA
21_2008_1659	1659	1	1	21	NA
21_2008_1660	1660	1	1	21	NA
21_2016_1661	1661	1	1	21	NA
21_2016_1662	1662	1	1	21	NA
21_2016_1663	1663	1	1	21	NA
21_2016_1664	1664	1	1	21	NA
21_2016_1665	1665	1	1	21	NA
21_2016_1666	1666	1	1	21	NA
21_2016_1667	1667	1	1	21	NA
21_2016_1668	1668	1	1	21	NA
21_2016_1669	1669	1	1	21	NA
21_2016_1670	1670	1	1	21	NA
21_2016_1671	1671	1	1	21	NA
21_2016_1672	1672	1	1	21	NA
21_2016_1673	1673	1	1	21	NA
21_2016_1674	1674	1	1	21	NA
21_2016_1675	1675	1	1	21	NA
21_2016_1676	1676	1	1	21	NA
21_2016_1677	1677	1	1	21	NA
21_2016_1678	1678	1	1	21	NA
21_2016_1679	1679	1	1	21	NA
21_2016_1680	1680	1	1	21	NA
21_2016_1681	1681	1	1	21	NA
21_2016_1682	1682	1	1	21	NA
21_2016_1683	1683	1	1	21	NA
21_2016_1684	1684	1	1	21	NA
21_2016_1685	1685	1	1	21	NA
21_2016_1686	1686	1	1	21	NA
21_2016_1687	1687	1	1	21	NA
21_2016_1688	1688	1	1	21	NA
21_2016_1689	1689	1	1	21	NA
21_2016_1690	1690	1	1	21	NA
21_2016_1691	1691	1	1	21	NA
21_2016_1692	1692	1	1	21	NA
21_2016_1693	1693	1	1	21	NA
21_2016_1694	1694	1	1	21	NA
21_2016_1695	1695	1	1	21	NA
21_2016_1696	1696	1	1	21	NA
21_2016_1697	1697	1	1	21	NA
21_2016_1698	1698	1	1	21	NA
21_2016_1699	1699	1	1	21	NA
21_2016_1700	1700	1	1	21	NA
21_2016_1701	1701	1	1	21	NA
21_2016_1702	1702	1	1	21	NA
21_2016_1703	1703	1	1	21	NA
21_2016_1704	1704	1	1	21	NA
21_2016_1705	1705	1	1	21	NA
21_2016_1706	1706	1	1	21	NA
21_2016_1707	1707	1	1	21	NA
21_2016_1708	1708	1	1	21	NA
21_2016_1709	1709	1	1	21	NA
21_2016_1710	1710	1	1	21	NA
21_2016_1711	1711	1	1	21	NA
21_2016_1712	1712	1	1	21	NA
21_2016_1713	1713	1	1	21	NA
21_2016_1714	1714	1	1	21	NA
21_2016_1715	1715	1	1	21	NA
21_2016_1716	1716	1	1	21	NA
21_2016_1717	1717	1	1	21	NA
21_2016_1718	1718	1	1	21	NA
21_2016_1719	1719	1	1	21	NA
21_2016_1720	1720	1	1	21	NA
21_2016_1721	1721	1	1	21	NA
21_2016_1722	1722	1	1	21	NA
21_2016_1723	1723	1	1	21	NA
21_2016_1724	1724	1	1	21	NA
21_2016_1725	1725	1	1	21	NA
21_2016_1726	1726	1	1	21	NA
21_2016_1727	1727	1	1	21	NA
21_2016_1728	1728	1	1	21	NA
21_2016_1729	1729	1	1	21	NA
21_2016_1730	1730	1	1	21	NA
21_2016_1731	1731	1	1	21	NA
21_2016_1732	1732	1	1	21	NA
21_2016_1733	1733	1	1	21	NA
21_2016_1734	1734	1	1	21	NA
21_2016_1735	1735	1	1	21	NA
21_2016_1736	1736	1	1	21	NA
21_2016_1737	1737	1	1	21	NA
21_2016_1738	1738	1	1	21	NA
21_2016_1739	1739	1	1	21	NA
21_2016_1740	1740	1	1	21	NA
21_2016_1741	1741	1	1	21	NA
21_2016_1742	1742	1	1	21	NA
21_2016_1743	1743	1	1	21	NA
21_2016_1744	1744	1	1	21	NA
21_2016_1745	1745	1	1	21	NA
21_2016_1746	1746	1	1	21	NA
21_2016_1747	1747	1	1	21	NA
21_2016_1748	1748	1	1	21	NA
21_2016_1749	1749	1	1	21	NA
21_2016_1750	1750	1	1	21	NA
21_2016_1751	1751	1	1	21	NA
21_2016_1752	1752	1	1	21	NA
21_2016_1753	1753	1	1	21	NA
21_2016_1754	1754	1	1	21	NA
21_2016_1755	1755	1	1	21	NA
21_2016_1756	1756	1	1	21	NA
21_2016_1757	1757	1	1	21	NA
21_2016_1758	1758	1	1	21	NA
21_2016_1759	1759	1	1	21	NA
21_2016_1760	1760	1	1	21	NA
21_2016_1761	1761	1	1	21	NA
21_2016_1762	1762	1	1	21	NA
21_2016_1763	1763	1	1	21	NA
21_2016_1764	1764	1	1	21	NA
21_2016_1765	1765	1	1	21	NA
21_2016_1766	1766	1	1	21	NA
21_2016_1767	1767	1	1	21	NA
21_2016_1768	1768	1	1	21	NA
21_2016_1769	1769	1	1	21	NA
21_2016_1770	1770	1	1	21	NA
21_2016_1771	1771	1	1	21	NA
21_2016_1772	1772	1	1	21	NA
21_2016_1773	1773	1	1	21	NA
21_2016_1774	1774	1	1	21	NA
21_2016_1775	1775	1	1	21	NA
21_2016_1776	1776	1	1	21	NA
21_2016_1777	1777	1	1	21	NA
21_2016_1778	1778	1	1	21	NA
21_2016_1779	1779	1	1	21	NA
21_2016_1780	1780	1	1	21	NA
21_2016_1781	1781	1	1	21	NA
21_2016_1782	1782	1	1	21	NA
21_2016_1783	1783	1	1	21	NA
21_2016_1784	1784	1	1	21	NA
21_2016_1785	1785	1	1	21	NA
21_2016_1786	1786	1	1	21	NA
21_2016_1787	1787	1	1	21	NA
21_2016_1788	1788	1	1	21	NA
21_2016_1789	1789	1	1	21	NA
21_2016_1790	1790	1	1	21	NA
21_2016_1791	1791	1	1	21	NA
21_2016_1792	1792	1	1	21	NA
21_2016_1793	1793	1	1	21	NA
21_2016_1794	1794	1	1	21	NA
21_2016_1795	1795	1	1	21	NA
21_2016_1796	1796	1	1	21	NA
21_2016_1797	1797	1	1	21	NA
21_2016_1798	1798	1	1	21	NA
21_2016_1799	1799	1	1	21	NA
21_2016_1800	1800	1	1	21	NA
21_2016_1801	1801	1	1	21	NA
21_2016_1802	1802	1	1	21	NA
21_2016_1803	1803	1	1	21	NA
21_2016_1804	1804	1	1	21	NA
21_2016_1805	1805	1	1	21	NA
21_2016_1806	1806	1	1	21	NA
21_2016_1807	1807	1	1	21	NA
21_2016_1808	1808	1	1	21	NA
21_2016_1809	1809	1	1	21	NA
21_2016_1810	1810	1	1	21	NA
21_2016_1811	1811	1	1	21	NA
21_2016_1812	1812	1	1	21	NA
21_2016_1813	1813	1	1	21	NA
21_2016_1814	1814	1	1	21	NA
21_2016_1815	1815	1	1	21	NA
21_2016_1816	1816	1	1	21	NA
21_2016_1817	1817	1	1	21	NA
21_2016_1818	1818	1	1	21	NA
21_2016_1819	1819	1	1	21	NA
21_2016_1820	1820	1	1	21	NA
21_2016_1821	1821	1	1	21	NA
21_2016_1822	1822	1	1	21	NA
21_2016_1823	1823	1	1	21	NA
21_2016_1824	1824	1	1	21	NA
21_2016_1825	1825	1	1	21	NA
21_2016_1826	1826	1	1	21	NA
21_2016_1827	1827	1	1	21	NA
21_2016_1828	1828	1	1	21	NA
21_2016_1829	1829	1	1	21	NA
21_2016_1830	1830	1	1	21	NA
21_2016_1831	1831	1	1	21	NA
21_2016_1832	1832	1	1	21	NA
21_2016_1833	1833	1	1	21	NA
21_2016_1834	1834	1	1	21	NA
21_2016_1835	1835	1	1	21	NA
21_2016_1836	1836	1	1	21	NA
21_2016_1837	1837	1	1	21	NA
21_2016_1838	1838	1	1	21	NA
21_2016_1839	1839	1	1	21	NA
21_2016_1840	1840	1	1	21	NA
22_2009_1841	1841	1	1	22	NA
22_2009_1842	1842	1	1	22	NA
22_2009_1843	1843	1	1	22	NA
22_2009_1844	1844	1	1	22	NA
22_2009_1845	1845	1	1	22	NA
22_2009_1846	1846	1	1	22	NA
22_2009_1847	1847	1	1	22	NA
22_2009_1848	1848	1	1	22	NA
22_2009_1849	1849	1	1	22	NA
22_2009_1850	1850	1	1	22	NA
22_2009_1851	1851	1	1	22	NA
22_2009_1852	1852	1	1	22	NA
22_2009_1853	1853	1	1	22	NA
22_2009_1854	1854	1	1	22	NA
22_2009_1855	1855	1	1	22	NA
22_2009_1856	1856	1	1	22	NA
22_2009_1857	1857	1	1	22	NA
22_2009_1858	1858	1	1	22	NA
22_2009_1859	1859	1	1	22	NA
22_2009_1860	1860	1	1	22	NA
22_2009_1861	1861	1	1	22	NA
22_2009_1862	1862	1	1	22	NA
22_2009_1863	1863	1	1	22	NA
22_2009_1864	1864	1	1	22	NA
22_2009_1865	1865	1	1	22	NA
22_2009_1866	1866	1	1	22	NA
22_2009_1867	1867	1	1	22	NA
22_2009_1868	1868	1	1	22	NA
22_2009_1869	1869	1	1	22	NA
22_2009_1870	1870	1	1	22	NA
22_2009_1871	1871	1	1	22	NA
22_2009_1872	1872	1	1	22	NA
22_2009_1873	1873	1	1	22	NA
22_2009_1874	1874	1	1	22	NA
22_2009_1875	1875	1	1	22	NA
22_2009_1876	1876	1	1	22	NA
22_2009_1877	1877	1	1	22	NA
22_2009_1878	1878	1	1	22	NA
22_2009_1879	1879	1	1	22	NA
22_2009_1880	1880	1	1	22	NA
22_2009_1881	1881	1	1	22	NA
22_2009_1882	1882	1	1	22	NA
22_2009_1883	1883	1	1	22	NA
22_2009_1884	1884	1	1	22	NA
22_2009_1885	1885	1	1	22	NA
22_2009_1886	1886	1	1	22	NA
22_2009_1887	1887	1	1	22	NA
22_2009_1888	1888	1	1	22	NA
22_2009_1889	1889	1	1	22	NA
22_2009_1890	1890	1	1	22	NA
22_2009_1891	1891	1	1	22	NA
22_2009_1892	1892	1	1	22	NA
22_2009_1893	1893	1	1	22	NA
22_2009_1894	1894	1	1	22	NA
22_2009_1895	1895	1	1	22	NA
22_2009_1896	1896	1	1	22	NA
22_2009_1897	1897	1	1	22	NA
22_2009_1898	1898	1	1	22	NA
22_2009_1899	1899	1	1	22	NA
22_2009_1900	1900	1	1	22	NA
22_2009_1901	1901	1	1	22	NA
22_2009_1902	1902	1	1	22	NA
22_2009_1903	1903	1	1	22	NA
22_2009_1904	1904	1	1	22	NA
22_2009_1905	1905	1	1	22	NA
22_2009_1906	1906	1	1	22	NA
22_2009_1907	1907	1	1	22	NA
22_2009_1908	1908	1	1	22	NA
22_2009_1909	1909	1	1	22	NA
22_2009_1910	1910	1	1	22	NA
22_2009_1911	1911	1	1	22	NA
22_2009_1912	1912	1	1	22	NA
22_2009_1913	1913	1	1	22	NA
22_2009_1914	1914	1	1	22	NA
22_2009_1915	1915	1	1	22	NA
22_2009_1916	1916	1	1	22	NA
22_2009_1917	1917	1	1	22	NA
22_2009_1918	1918	1	1	22	NA
22_2009_1919	1919	1	1	22	NA
22_2009_1920	1920	1	1	22	NA
22_2009_1921	1921	1	1	22	NA
22_2009_1922	1922	1	1	22	NA
22_2009_1923	1923	1	1	22	NA
22_2009_1924	1924	1	1	22	NA
22_2009_1925	1925	1	1	22	NA
22_2009_1926	1926	1	1	22	NA
22_2009_1927	1927	1	1	22	NA
22_2009_1928	1928	1	1	22	NA
22_2009_1929	1929	1	1	22	NA
22_2009_1930	1930	1	1	22	NA
22_2009_1931	1931	1	1	22	NA
22_2009_1932	1932	1	1	22	NA
22_2009_1933	1933	1	1	22	NA
22_2009_1934	1934	1	1	22	NA
22_2009_1935	1935	1	1	22	NA
22_2009_1936	1936	1	1	22	NA
22_2009_1937	1937	1	1	22	NA
22_2009_1938	1938	1	1	22	NA
22_2009_1939	1939	1	1	22	NA
22_2009_1940	1940	1	1	22	NA
22_2009_1941	1941	1	1	22	NA
22_2009_1942	1942	1	1	22	NA
22_2009_1943	1943	1	1	22	NA
22_2009_1944	1944	1	1	22	NA
22_2009_1945	1945	1	1	22	NA
22_2009_1946	1946	1	1	22	NA
22_2009_1947	1947	1	1	22	NA
22_2009_1948	1948	1	1	22	NA
22_2009_1949	1949	1	1	22	NA
22_2009_1950	1950	1	1	22	NA
22_2009_1951	1951	1	1	22	NA
22_2009_1952	1952	1	1	22	NA
22_2009_1953	1953	1	1	22	NA
22_2009_1954	1954	1	1	22	NA
22_2009_1955	1955	1	1	22	NA
22_2009_1956	1956	1	1	22	NA
22_2009_1957	1957	1	1	22	NA
22_2009_1958	1958	1	1	22	NA
22_2009_1959	1959	1	1	22	NA
22_2009_1960	1960	1	1	22	NA
22_2009_1961	1961	1	1	22	NA
22_2009_1962	1962	1	1	22	NA
22_2009_1963	1963	1	1	22	NA
22_2009_1964	1964	1	1	22	NA
22_2009_1965	1965	1	1	22	NA
22_2009_1966	1966	1	1	22	NA
22_2009_1967	1967	1	1	22	NA
22_2009_1968	1968	1	1	22	NA
22_2009_1969	1969	1	1	22	NA
22_2009_1970	1970	1	1	22	NA
22_2009_1971	1971	1	1	22	NA
22_2009_1972	1972	1	1	22	NA
22_2009_1973	1973	1	1	22	NA
22_2009_1974	1974	1	1	22	NA
22_2009_1975	1975	1	1	22	NA
22_2009_1976	1976	1	1	22	NA
22_2009_1977	1977	1	1	22	NA
22_2009_1978	1978	1	1	22	NA
22_2009_1979	1979	1	1	22	NA
22_2009_1980	1980	1	1	22	NA
22_2009_1981	1981	1	1	22	NA
22_2009_1982	1982	1	1	22	NA
22_2009_1983	1983	1	1	22	NA
22_2009_1984	1984	1	1	22	NA
22_2009_1985	1985	1	1	22	NA
22_2009_1986	1986	1	1	22	NA
22_2009_1987	1987	1	1	22	NA
22_2009_1988	1988	1	1	22	NA
22_2009_1989	1989	1	1	22	NA
22_2009_1990	1990	1	1	22	NA
22_2009_1991	1991	1	1	22	NA
22_2009_1992	1992	1	1	22	NA
22_2009_1993	1993	1	1	22	NA
22_2009_1994	1994	1	1	22	NA
22_2009_1995	1995	1	1	22	NA
22_2009_1996	1996	1	1	22	NA
22_2009_1997	1997	1	1	22	NA
22_2009_1998	1998	1	1	22	NA
22_2009_1999	1999	1	1	22	NA
22_2009_2000	2000	1	1	22	NA
22_2009_2001	2001	1	1	22	NA
22_2009_2002	2002	1	1	22	NA
22_2009_2003	2003	1	1	22	NA
22_2009_2004	2004	1	1	22	NA
22_2009_2005	2005	1	1	22	NA
22_2009_2006	2006	1	1	22	NA
22_2009_2007	2007	1	1	22	NA
22_2009_2008	2008	1	1	22	NA
22_2009_2009	2009	1	1	22	NA
22_2009_2010	2010	1	1	22	NA
22_2009_2011	2011	1	1	22	NA
22_2009_2012	2012	1	1	22	NA
22_2009_2013	2013	1	1	22	NA
22_2009_2014	2014	1	1	22	NA
22_2009_2015	2015	1	1	22	NA
22_2009_2016	2016	1	1	22	NA
22_2009_2017	2017	1	1	22	NA
22_2009_2018	2018	1	1	22	NA
22_2009_2019	2019	1	1	22	NA
22_2009_2020	2020	1	1	22	NA
27_2009_2021	2021	1	1	27	NA
27_2009_2022	2022	1	1	27	NA
27_2009_2023	2023	1	1	27	NA
27_2009_2024	2024	1	1	27	NA
27_2009_2025	2025	1	1	27	NA
27_2009_2026	2026	1	1	27	NA
27_2009_2027	2027	1	1	27	NA
27_2009_2028	2028	1	1	27	NA
27_2009_2029	2029	1	1	27	NA
27_2009_2030	2030	1	1	27	NA
27_2009_2031	2031	1	1	27	NA
27_2009_2032	2032	1	1	27	NA
27_2009_2033	2033	1	1	27	NA
27_2009_2034	2034	1	1	27	NA
27_2009_2035	2035	1	1	27	NA
27_2009_2036	2036	1	1	27	NA
27_2009_2037	2037	1	1	27	NA
27_2009_2038	2038	1	1	27	NA
27_2009_2039	2039	1	1	27	NA
27_2009_2040	2040	1	1	27	NA
27_2009_2041	2041	1	1	27	NA
27_2009_2042	2042	1	1	27	NA
27_2009_2043	2043	1	1	27	NA
27_2009_2044	2044	1	1	27	NA
27_2009_2045	2045	1	1	27	NA
27_2009_2046	2046	1	1	27	NA
27_2009_2047	2047	1	1	27	NA
27_2009_2048	2048	1	1	27	NA
27_2009_2049	2049	1	1	27	NA
27_2009_2050	2050	1	1	27	NA
27_2009_2051	2051	1	1	27	NA
27_2009_2052	2052	1	1	27	NA
27_2009_2053	2053	1	1	27	NA
27_2009_2054	2054	1	1	27	NA
27_2009_2055	2055	1	1	27	NA
27_2009_2056	2056	1	1	27	NA
27_2009_2057	2057	1	1	27	NA
27_2009_2058	2058	1	1	27	NA
27_2009_2059	2059	1	1	27	NA
27_2009_2060	2060	1	1	27	NA
27_2009_2061	2061	1	1	27	NA
27_2009_2062	2062	1	1	27	NA
27_2009_2063	2063	1	1	27	NA
27_2009_2064	2064	1	1	27	NA
27_2009_2065	2065	1	1	27	NA
27_2009_2066	2066	1	1	27	NA
27_2009_2067	2067	1	1	27	NA
27_2009_2068	2068	1	1	27	NA
27_2009_2069	2069	1	1	27	NA
27_2009_2070	2070	1	1	27	NA
27_2009_2071	2071	1	1	27	NA
27_2009_2072	2072	1	1	27	NA
27_2009_2073	2073	1	1	27	NA
27_2009_2074	2074	1	1	27	NA
27_2009_2075	2075	1	1	27	NA
27_2009_2076	2076	1	1	27	NA
27_2009_2077	2077	1	1	27	NA
27_2009_2078	2078	1	1	27	NA
27_2009_2079	2079	1	1	27	NA
27_2009_2080	2080	1	1	27	NA
27_2009_2081	2081	1	1	27	NA
27_2009_2082	2082	1	1	27	NA
27_2009_2083	2083	1	1	27	NA
27_2009_2084	2084	1	1	27	NA
27_2009_2085	2085	1	1	27	NA
27_2009_2086	2086	1	1	27	NA
27_2009_2087	2087	1	1	27	NA
27_2009_2088	2088	1	1	27	NA
27_2009_2089	2089	1	1	27	NA
27_2009_2090	2090	1	1	27	NA
27_2009_2091	2091	1	1	27	NA
27_2009_2092	2092	1	1	27	NA
27_2009_2093	2093	1	1	27	NA
27_2009_2094	2094	1	1	27	NA
27_2009_2095	2095	1	1	27	NA
27_2009_2096	2096	1	1	27	NA
27_2009_2097	2097	1	1	27	NA
27_2009_2098	2098	1	1	27	NA
27_2009_2099	2099	1	1	27	NA
27_2009_2100	2100	1	1	27	NA
27_2009_2101	2101	1	1	27	NA
27_2009_2102	2102	1	1	27	NA
27_2009_2103	2103	1	1	27	NA
27_2009_2104	2104	1	1	27	NA
27_2009_2105	2105	1	1	27	NA
27_2009_2106	2106	1	1	27	NA
27_2009_2107	2107	1	1	27	NA
27_2009_2108	2108	1	1	27	NA
27_2009_2109	2109	1	1	27	NA
27_2009_2110	2110	1	1	27	NA
27_2009_2111	2111	1	1	27	NA
27_2009_2112	2112	1	1	27	NA
27_2009_2113	2113	1	1	27	NA
27_2009_2114	2114	1	1	27	NA
27_2009_2115	2115	1	1	27	NA
27_2009_2116	2116	1	1	27	NA
27_2009_2117	2117	1	1	27	NA
27_2009_2118	2118	1	1	27	NA
27_2009_2119	2119	1	1	27	NA
27_2009_2120	2120	1	1	27	NA
01_2019_2121	2121	0	0	21	21M
01_2019_2122	2122	1	0	21	21.3.P
01_2019_2123	2123	1	0	21	21.4.P
01_2019_2124	2124	1	0	21	21.5.P
01_2019_2125	2125	0	0	31	31M
01_2019_2126	2126	1	0	22	22.1.P
01_2019_2127	2127	1	0	22	22.2.P
01_2019_2128	2128	1	0	22	22.3.P
01_2019_2129	2129	1	0	22	22.4.P
01_2019_2130	2130	1	0	22	22.5.P
01_2019_2131	2131	1	0	22	22.6.P
01_2019_2132	2132	1	0	22	22.7.P
01_2019_2133	2133	1	0	22	22.8.P
01_2019_2134	2134	1	0	22	22.9.P
01_2019_2135	2135	0	0	22	22M
01_2019_2136	2136	0	0	30	30M
01_2019_2137	2137	1	0	22	22.10.P
01_2019_2138	2138	1	0	22	22.11.P
01_2019_2139	2139	1	0	22	22.12.P
01_2019_2140	2140	1	0	22	22.13.P
01_2019_2141	2141	1	0	22	22.14.P
01_2019_2142	2142	1	0	22	22.15.P
01_2019_2143	2143	1	0	22	22.16.P
01_2019_2144	2144	1	0	22	22.17.P
01_2019_2145	2145	1	0	22	22.18.P
01_2019_2146	2146	1	0	22	22.19.P
01_2019_2147	2147	1	0	22	22.20.P
01_2019_2148	2148	1	0	22	22.21.P
01_2019_2149	2149	1	0	22	22.22.P
01_2019_2150	2150	1	0	22	22.23.P
01_2019_2151	2151	1	0	22	22.24.P
01_2019_2152	2152	1	0	22	22.25.P
01_2019_2153	2153	1	0	22	22.26.P
01_2019_2154	2154	1	0	22	22.27.P
01_2019_2155	2155	1	0	22	22.28.P
01_2019_2156	2156	1	0	22	22.29.P
01_2019_2157	2157	1	0	22	22.30.P
01_2019_2158	2158	1	0	22	22.31.P
01_2019_2159	2159	1	0	22	22.32.P
01_2019_2160	2160	1	0	22	22.33.P
01_2019_2161	2161	1	0	22	22.34.P
01_2019_2162	2162	1	0	22	22.35.P
01_2019_2163	2163	1	0	22	22.36.P
01_2019_2164	2164	1	0	22	22.37.P
01_2019_2165	2165	1	0	22	22.38.P
01_2019_2166	2166	1	0	22	22.39.P
01_2019_2167	2167	1	0	22	22.40.P
01_2019_2168	2168	1	0	22	22.41.P
01_2019_2169	2169	1	0	22	22.42.P
01_2019_2170	2170	0	0	32	32M
01_2019_2171	2171	0	0	29	29M
01_2019_2172	2172	1	0	29	29.1.P
01_2019_2173	2173	1	0	29	29.2.P
01_2019_2174	2174	1	0	29	29.3.P
01_2019_2175	2175	1	0	29	29.4.P
01_2019_2176	2176	1	0	29	29.5.P
01_2019_2177	2177	1	0	29	29.6.P
01_2019_2178	2178	1	0	29	29.7.P
01_2019_2179	2179	1	0	29	29.8.P
01_2019_2180	2180	0	0	20	20M
01_2019_2181	2181	1	0	20	20.1.P
01_2019_2182	2182	1	0	20	20.2.P
01_2019_2183	2183	1	0	20	20.3.P
01_2019_2184	2184	1	0	20	20.4.P
01_2019_2185	2185	0	0	19	19M
01_2019_2186	2186	0	0	18	18M
01_2019_2187	2187	1	0	18	18.1.P
01_2019_2188	2188	1	0	18	18.2.P
01_2019_2189	2189	1	0	18	18.3.P
01_2019_2190	2190	1	0	18	18.4.P
01_2019_2191	2191	1	0	18	18.5.P
01_2019_2192	2192	1	0	18	18.6.P
01_2019_2193	2193	1	0	18	18.7.P
01_2019_2194	2194	1	0	18	18.8.P
01_2019_2195	2195	1	0	18	18.9.P
01_2019_2196	2196	1	0	18	18.10.P
01_2019_2197	2197	1	0	18	18.11.P
01_2019_2198	2198	1	0	18	18.12.P
01_2019_2199	2199	1	0	18	18.13.P
01_2019_2200	2200	1	0	18	18.14.P
01_2019_2201	2201	1	0	18	18.15.P
01_2019_2202	2202	1	0	18	18.16.P
01_2019_2203	2203	1	0	18	18.17.P
01_2019_2204	2204	1	0	11	11.1.P
01_2019_2205	2205	0	0	11	11M
01_2019_2206	2206	1	0	11	11.2.P
01_2019_2207	2207	1	0	11	11.3.P
01_2019_2208	2208	1	0	11	11.4.P
01_2019_2209	2209	1	0	11	11.5.P
01_2019_2210	2210	1	0	11	11.6.P
01_2019_2211	2211	1	0	11	11.7.P
01_2019_2212	2212	1	0	10	10.1.P
01_2019_2213	2213	1	0	10	10.2.P
01_2019_2214	2214	1	0	10	10.3.P
01_2019_2215	2215	0	0	10	10M
01_2019_2216	2216	1	0	11	11.8.P
01_2019_2217	2217	1	0	11	11.9.P
01_2019_2218	2218	1	0	11	11.10.P
01_2019_2219	2219	1	0	11	11.11.P
01_2019_2220	2220	1	0	11	11.12.P
01_2019_2221	2221	1	0	11	11.13.P
01_2019_2222	2222	1	0	11	11.14.P
01_2019_2223	2223	1	0	11	11.15.P
01_2019_2224	2224	1	0	11	11.16.P
01_2019_2225	2225	1	0	11	11.17.P
01_2019_2226	2226	1	0	11	11.18.P
01_2019_2227	2227	1	0	11	11.19.P
01_2019_2228	2228	0	0	16	16M
01_2019_2229	2229	0	0	17	17M
01_2019_2230	2230	1	0	16	16.1.P
01_2019_2231	2231	1	0	16	16.2.P
01_2019_2232	2232	1	0	16	16.3.P
01_2019_2233	2233	0	0	15	15M
01_2019_2234	2234	0	0	14	14M
01_2019_2235	2235	0	0	28	28M
01_2019_2236	2236	0	0	27	27M
01_2019_2237	2237	1	0	27	27.1.P
01_2019_2238	2238	1	0	27	27.2.P
01_2019_2239	2239	1	0	27	27.3.P
01_2019_2240	2240	0	0	26	26M
01_2019_2241	2241	0	0	2	2M
01_2019_2242	2242	0	0	23	23M
01_2019_2243	2243	1	0	23	23.1.P
01_2019_2244	2244	0	0	24	24M
01_2019_2245	2245	0	0	25	25M
01_2019_2246	2246	0	0	1	1M
01_2019_2247	2247	1	0	1	1.1.P
01_2019_2248	2248	1	0	1	1.2.P
01_2019_2249	2249	1	0	1	1.3.P
01_2019_2250	2250	1	0	1	1.4.P
01_2019_2251	2251	1	0	1	1.5.P
01_2019_2252	2252	1	0	1	1.6.P
01_2019_2253	2253	1	0	1	1.7.P
01_2019_2254	2254	1	0	1	1.8.P
01_2019_2255	2255	1	0	1	1.9.P
01_2019_2256	2256	1	0	1	1.10.P
01_2019_2257	2257	1	0	1	1.11.P
01_2019_2258	2258	0	0	6	6M
01_2019_2259	2259	0	0	4	4M
01_2019_2260	2260	1	0	6	6.1.P
01_2019_2261	2261	1	0	6	6.2.P
01_2019_2262	2262	0	0	9	9M
01_2019_2263	2263	0	0	12	12M
01_2019_2264	2264	0	0	7	7M
01_2019_2265	2265	0	0	8	8M
01_2019_2266	2266	0	0	13	13M
01_2019_2267	2267	1	0	8	8.1.P
01_2019_2268	2268	1	0	8	8.2.P
01_2019_2269	2269	2	0	NA	NA
01_2019_2270	2270	2	0	NA	NA
